Date,Fund,Firouzen,Gold,Dollar
17-Oct-20,0,0,0,0
18-Oct-20,0.01,0,0,0
19-Oct-20,0.02,0,-0.078706903,-0.029827316
20-Oct-20,-0.01,0,-0.149111188,-0.135133438
21-Oct-20,-0.02,0,-0.129098518,-0.095604396
22-Oct-20,0,0,-0.129098518,-0.077708006
23-Oct-20,0,0,-0.129098518,-0.077708006
24-Oct-20,-0.01,0,-0.105668817,-0.089513344
25-Oct-20,-0.01,0,-0.105668817,-0.089513344
26-Oct-20,-0.05,0,-0.161310758,-0.121350079
27-Oct-20,-0.03,0,-0.145838133,-0.113594977
28-Oct-20,0,0,-0.150790908,-0.125745683
29-Oct-20,-0.02,0,-0.150790908,-0.128728414
30-Oct-20,-0.02,0,-0.150790908,-0.128728414
31-Oct-20,-0.01,0,-0.204589956,-0.156295133
1-Nov-20,-0.01,0,-0.17590033,-0.145902669
2-Nov-20,-0.01,-0.023267974,-0.096377563,-0.113343799
3-Nov-20,-0.01,-0.023267974,-0.096377563,-0.113343799
4-Nov-20,-0.01,0.031830065,-0.006018199,-0.091522763
5-Nov-20,-0.01,0.031830065,-0.006018199,-0.172527473
6-Nov-20,-0.01,0.031830065,-0.006018199,-0.172527473
7-Nov-20,-0.01,-0.052941176,-0.10540966,-0.230863422
8-Nov-20,-0.01,-0.139281046,-0.155849267,-0.262166405
9-Nov-20,-0.01,-0.110457516,-0.091069646,-0.221255887
10-Nov-20,-0.01,-0.110457516,-0.10889388,-0.149042386
11-Nov-20,-0.01,-0.110457516,-0.139810336,-0.15233909
12-Nov-20,-0.01,-0.110457516,-0.139810336,-0.156828885
13-Nov-20,-0.01,-0.110457516,-0.139810336,-0.156828885
14-Nov-20,-0.01,-0.110457516,-0.146653997,-0.16021978
15-Nov-20,-0.01,-0.110457516,-0.179499731,-0.183485086
16-Nov-20,-0.01,-0.110457516,-0.164910159,-0.186718995
17-Nov-20,-0.01,-0.110457516,-0.168643938,-0.186907378
18-Nov-20,-0.01,-0.110457516,-0.198207018,-0.195510204
19-Nov-20,-0.01,-0.110457516,-0.198207018,-0.195604396
20-Nov-20,-0.01,-0.110457516,-0.198207018,-0.195604396
21-Nov-20,-0.01,-0.110457516,-0.177253705,-0.185117739
22-Nov-20,0,-0.110457516,-0.199186055,-0.201067504
23-Nov-20,-0.0033,-0.110457516,-0.189741227,-0.197739404
24-Nov-20,-0.0172,-0.110457516,-0.225754435,-0.213594977
25-Nov-20,-0.018,-0.110457516,-0.242196499,-0.213312402
26-Nov-20,-0.0142,-0.110457516,-0.242196499,-0.213312402
27-Nov-20,-0.0142,-0.110457516,-0.242196499,-0.213312402
28-Nov-20,-0.0138,-0.110457516,-0.252543577,-0.222731554
29-Nov-20,-0.0143,-0.110457516,-0.253887353,-0.228979592
30-Nov-20,-0.0046,-0.110457516,-0.196949628,-0.214850863
1-Dec-20,0.005,-0.110457516,-0.158738386,-0.195572998
2-Dec-20,-0.0043,-0.123666388,-0.188829379,-0.195604396
3-Dec-20,-0.0016,-0.123666388,-0.188829379,-0.20043956
4-Dec-20,-0.0016,-0.123666388,-0.188829379,-0.20043956
5-Dec-20,-0.005,-0.11423148,-0.184836443,-0.198288854
6-Dec-20,-0.0087,-0.087523432,-0.171177916,-0.196138148
7-Dec-20,-0.0035,-0.088926572,-0.161339553,-0.196263736
8-Dec-20,-0.0094,-0.095700352,-0.138716118,-0.196389325
9-Dec-20,-0.004,-0.093039225,-0.113184366,-0.184427002
10-Dec-20,-0.0012,-0.093039225,-0.113184366,-0.181632653
11-Dec-20,-0.0012,-0.093039225,-0.113184366,-0.181632653
12-Dec-20,-0.0007,-0.093039225,-0.14435038,-0.183830455
13-Dec-20,-0.0036,-0.093039225,-0.173721493,-0.189858713
14-Dec-20,-0.0067,-0.093039225,-0.197256777,-0.193029827
15-Dec-20,-0.0083,-0.093039225,-0.165869999,-0.188288854
16-Dec-20,-0.0058,-0.093039225,-0.181582585,-0.190141287
17-Dec-20,-0.0091,-0.093039225,-0.181582585,-0.18989011
18-Dec-20,-0.0091,-0.093039225,-0.181582585,-0.18989011
19-Dec-20,0.0041,-0.093039225,-0.190365123,-0.199403454
20-Dec-20,0.0076,-0.093039225,-0.190307533,-0.202543171
21-Dec-20,0.0053,-0.093039225,-0.183262305,-0.20100471
22-Dec-20,0.0086,-0.093039225,-0.194540429,-0.198587127
23-Dec-20,0.0195,-0.093039225,-0.184817246,-0.190612245
24-Dec-20,0.0257,-0.093039225,-0.184817246,-0.188006279
25-Dec-20,0.0257,-0.093039225,-0.184817246,-0.188006279
26-Dec-20,0.0208,-0.093039225,-0.196748061,-0.192684458
27-Dec-20,0.0277,-0.093039225,-0.196776856,-0.191868132
28-Dec-20,0.0252,-0.093039225,-0.194818782,-0.191742543
29-Dec-20,0.0184,-0.093039225,-0.201998388,-0.19299843
30-Dec-20,0.0427,-0.093039225,-0.209888275,-0.193186813
31-Dec-20,0.0389,-0.093039225,-0.209888275,-0.193061225
1-Jan-21,0.0389,-0.093039225,-0.209888275,-0.193061225
2-Jan-21,0.0401,-0.093039225,-0.225696844,-0.195761382
3-Jan-21,0.0394,-0.07712169,-0.219256316,-0.19733124
4-Jan-21,0.0408,-0.062897511,-0.187312831,-0.190989011
5-Jan-21,0.0352,-0.055785421,-0.156607541,-0.186687598
6-Jan-21,0.0474,-0.093942347,-0.157884128,-0.18844584
7-Jan-21,0.0529,-0.093942347,-0.157884128,-0.197676609
8-Jan-21,0.0529,-0.093942347,-0.157884128,-0.197676609
9-Jan-21,0.0517,-0.127527215,-0.241198265,-0.219215071
10-Jan-21,0.052,-0.088636502,-0.232838056,-0.219623234
11-Jan-21,0.0452,-0.109859881,-0.239249789,-0.219623234
12-Jan-21,0.0503,-0.162128096,-0.238107579,-0.219811617
13-Jan-21,0.0531,-0.159080058,-0.256795669,-0.230643642
14-Jan-21,0.0522,-0.159080058,-0.256795669,-0.247943485
15-Jan-21,0.0522,-0.159080058,-0.256795669,-0.247943485
16-Jan-21,0.0556,-0.221508401,-0.323926899,-0.279466248
17-Jan-21,0.0556,-0.221508401,-0.323926899,-0.279466248
18-Jan-21,0.0612,-0.289976376,-0.348748368,-0.315572998
19-Jan-21,0.0685,-0.233023213,-0.298673501,-0.315981162
20-Jan-21,0.0543,-0.175505598,-0.272316287,-0.285808477
21-Jan-21,0.0621,-0.175505598,-0.272316287,-0.288697017
22-Jan-21,0.0621,-0.175505598,-0.272316287,-0.288697017
23-Jan-21,0.0715,-0.111609681,-0.287721723,-0.295729984
24-Jan-21,0.077,-0.137405118,-0.268217769,-0.295855573
25-Jan-21,0.0824,-0.155298232,-0.275310988,-0.295918367
26-Jan-21,0.0768,-0.187528417,-0.306227444,-0.280423862
27-Jan-21,0.0896,-0.19949479,-0.283805575,-0.264929356
28-Jan-21,0.0869,-0.19949479,-0.283805575,-0.271240188
29-Jan-21,0.0869,-0.19949479,-0.283805575,-0.271240188
30-Jan-21,0.0887,-0.145138104,-0.259348844,-0.255290424
31-Jan-21,0.0898,-0.138477576,-0.250758274,-0.249042386
1-Feb-21,0.0926,-0.164837464,-0.25270675,-0.250518053
2-Feb-21,0.0901,-0.198817448,-0.253090686,-0.250455259
3-Feb-21,0.0913,-0.210501595,-0.265405437,-0.253814757
4-Feb-21,0.0896,-0.210501595,-0.265405437,-0.254411303
5-Feb-21,0.0896,-0.210501595,-0.265405437,-0.254411303
6-Feb-21,0.0937,-0.250521211,-0.262372341,-0.254191523
7-Feb-21,0.0916,-0.18143234,-0.252322814,-0.255855573
8-Feb-21,0.0913,-0.203389506,-0.215896875,-0.256043956
9-Feb-21,0.0915,-0.192213365,-0.182254473,-0.243516484
10-Feb-21,0.0915,-0.192213365,-0.182254473,-0.243516484
11-Feb-21,0.0896,-0.192213365,-0.182254473,-0.224615385
12-Feb-21,0.0896,-0.192213365,-0.182254473,-0.224615385
13-Feb-21,0.0949,-0.150951955,-0.14958151,-0.21566719
14-Feb-21,0.0976,-0.161676535,-0.167559318,-0.215541601
15-Feb-21,0.1054,-0.169578857,-0.181179452,-0.215604396
16-Feb-21,0.1007,-0.193511603,-0.167213776,-0.215604396
17-Feb-21,0.108,-0.208187344,-0.172579283,-0.209764521
18-Feb-21,0.1079,-0.208187344,-0.172579283,-0.209701727
19-Feb-21,0.1079,-0.208187344,-0.172579283,-0.209701727
20-Feb-21,0.1092,-0.231386303,-0.203294172,-0.215321821
21-Feb-21,0.1117,-0.258084862,-0.218440452,-0.23833595
22-Feb-21,0.1172,-0.275921532,-0.228192429,-0.240596546
23-Feb-21,0.1091,-0.246231379,-0.226915841,-0.226216641
24-Feb-21,0.1017,-0.238780619,-0.218555632,-0.22100471
25-Feb-21,0.1017,-0.238780619,-0.218555632,-0.220690738
26-Feb-21,0.1017,-0.238780619,-0.218555632,-0.220690738
27-Feb-21,0.1225,-0.260060443,-0.226695078,-0.207598116
28-Feb-21,0.1201,-0.287887905,-0.233481149,-0.224301413
1-Mar-21,0.106,-0.263842268,-0.228528373,-0.22266876
2-Mar-21,0.1217,-0.249335863,-0.242772403,-0.23277865
3-Mar-21,0.116,-0.259778217,-0.239077018,-0.225211931
4-Mar-21,0.1113,-0.259778217,-0.239077018,-0.225714286
5-Mar-21,0.1113,-0.259778217,-0.239077018,-0.225714286
6-Mar-21,0.1116,-0.261584462,-0.272287491,-0.237896389
7-Mar-21,0.1251,-0.254980379,-0.273996007,-0.24678179
8-Mar-21,0.1163,-0.237030819,-0.274379943,-0.236043956
9-Mar-21,0.1097,-0.236240587,-0.282567381,-0.239874411
10-Mar-21,0.1143,-0.241885102,-0.276434001,-0.239968603
11-Mar-21,0.1143,-0.241885102,-0.276434001,-0.239968603
12-Mar-21,0.1143,-0.241885102,-0.276434001,-0.239968603
13-Mar-21,0.1298,-0.228112484,-0.264493588,-0.240879121
14-Mar-21,0.1295,-0.218516808,-0.271567611,-0.249136578
15-Mar-21,0.1251,-0.218516808,-0.285264532,-0.249073783
16-Mar-21,0.1265,-0.195261403,-0.269340782,-0.243673469
17-Mar-21,0.1217,-0.192777816,-0.2542041,-0.245211931
18-Mar-21,0.1156,-0.192777816,-0.2542041,-0.247629513
19-Mar-21,0.1156,-0.192777816,-0.2542041,-0.247629513
20-Mar-21,0.1156,-0.192777816,-0.2542041,-0.247629513
21-Mar-21,0.1156,-0.192777816,-0.2542041,-0.247629513
22-Mar-21,0.1156,-0.192777816,-0.2542041,-0.247629513
23-Mar-21,0.1156,-0.192777816,-0.2542041,-0.247629513
24-Mar-21,0.1156,-0.192777816,-0.2542041,-0.247629513
25-Mar-21,0.1319,-0.192777816,-0.2542041,-0.247629513
26-Mar-21,0.1319,-0.192777816,-0.2542041,-0.247629513
27-Mar-21,0.1392,-0.180585662,-0.248243492,-0.222731554
28-Mar-21,0.1412,-0.184367488,-0.229939338,-0.207755102
29-Mar-21,0.1412,-0.184367488,-0.229939338,-0.207755102
30-Mar-21,0.1413,-0.186173733,-0.237224526,-0.207095761
31-Mar-21,0.1398,-0.184198152,-0.244144974,-0.20866562
1-Apr-21,0.1398,-0.184198152,-0.244144974,-0.208477237
2-Apr-21,0.1398,-0.184198152,-0.244144974,-0.208477237
3-Apr-21,0.1443,-0.207510002,-0.265990939,-0.231868132
4-Apr-21,0.1494,-0.236579258,-0.264848729,-0.237927787
5-Apr-21,0.1407,-0.232966768,-0.257976273,-0.233751962
6-Apr-21,0.1505,-0.23561969,-0.254357675,-0.224144427
7-Apr-21,0.1541,-0.245328257,-0.256978039,-0.231962323
8-Apr-21,0.1503,-0.245328257,-0.256978039,-0.231836735
9-Apr-21,0.1503,-0.245328257,-0.256978039,-0.231836735
10-Apr-21,0.1574,-0.273945951,-0.279083161,-0.240565149
11-Apr-21,0.1534,-0.275187745,-0.286397144,-0.237519623
12-Apr-21,0.1479,-0.265648513,-0.280705291,-0.237174254
13-Apr-21,0.1473,-0.230934742,-0.286109191,-0.243642072
14-Apr-21,0.1254,-0.243691347,-0.280762881,-0.239089482
15-Apr-21,0.1067,-0.243691347,-0.280762881,-0.246875981
16-Apr-21,0.1067,-0.243691347,-0.280762881,-0.246875981
17-Apr-21,0.1478,-0.263842268,-0.27854565,-0.246687598
18-Apr-21,0.1128,-0.280550035,-0.29032289,-0.250172685
19-Apr-21,0.1075,-0.275526416,-0.297003379,-0.252213501
20-Apr-21,0.1367,-0.263447152,-0.315489903,-0.266122449
21-Apr-21,0.1718,-0.277840667,-0.311592951,-0.266279435
22-Apr-21,0.1742,-0.277840667,-0.311592951,-0.267503925
23-Apr-21,0.1742,-0.277840667,-0.311592951,-0.267503925
24-Apr-21,0.1636,-0.280550035,-0.316593719,-0.267284144
25-Apr-21,0.1806,-0.288565247,-0.307302465,-0.26722135
26-Apr-21,0.1686,-0.276824654,-0.320442678,-0.269199372
27-Apr-21,0.1767,-0.256673733,-0.320279506,-0.26967033
28-Apr-21,0.1778,-0.253174134,-0.318935729,-0.270549451
29-Apr-21,0.1909,-0.253174134,-0.318935729,-0.270612245
30-Apr-21,0.1909,-0.253174134,-0.318935729,-0.270612245
1-May-21,0.2022,-0.263560043,-0.341367197,-0.280690738
2-May-21,0.1732,-0.278179338,-0.359728941,-0.314348509
3-May-21,0.1794,-0.280267809,-0.360794364,-0.317708006
4-May-21,0.1794,-0.280267809,-0.360794364,-0.317708006
5-May-21,0.1839,-0.279026015,-0.372110881,-0.342386185
6-May-21,0.1873,-0.279026015,-0.372110881,-0.351711146
7-May-21,0.1873,-0.279026015,-0.372110881,-0.351711146
8-May-21,0.1789,-0.285686544,-0.354238655,-0.352056515
9-May-21,0.1769,-0.294322653,-0.344717039,-0.349262166
10-May-21,0.1731,-0.28783146,-0.329801121,-0.321412873
11-May-21,0.1725,-0.267059642,-0.310911464,-0.303453689
12-May-21,0.1791,-0.273889506,-0.309279736,-0.310047096
13-May-21,0.1791,-0.273889506,-0.309279736,-0.321412873
14-May-21,0.1791,-0.273889506,-0.309279736,-0.321412873
15-May-21,0.1761,-0.260850675,-0.296187514,-0.307692308
16-May-21,0.1842,-0.267285423,-0.29140751,-0.296263736
17-May-21,0.1829,-0.274058842,-0.310729095,-0.302386185
18-May-21,0.1868,-0.273212164,-0.29879828,-0.292496075
19-May-21,0.1782,-0.279929138,-0.319761192,-0.303642072
20-May-21,0.1783,-0.279929138,-0.319761192,-0.299843014
21-May-21,0.1783,-0.279929138,-0.319761192,-0.299843014
22-May-21,0.1809,-0.290145711,-0.320817016,-0.298304553
23-May-21,0.1829,-0.31136909,-0.306169853,-0.298241758
24-May-21,0.1564,-0.32023098,-0.291973816,-0.296357928
25-May-21,0.1673,-0.312046432,-0.291925824,-0.296389325
26-May-21,0.1661,-0.315207361,-0.277566613,-0.293061225
27-May-21,0.1674,-0.315207361,-0.277566613,-0.288948195
28-May-21,0.1674,-0.315207361,-0.277566613,-0.288948195
29-May-21,0.1708,-0.287210563,-0.256891653,-0.263233909
30-May-21,0.1729,-0.260060443,-0.253877755,-0.250957614
31-May-21,0.178,-0.278574454,-0.271020502,-0.265117739
1-Jun-21,0.1794,-0.27710688,-0.25937764,-0.264803768
2-Jun-21,0.1838,-0.265027617,-0.249270521,-0.26455259
3-Jun-21,0.1847,-0.265027617,-0.249270521,-0.264270016
4-Jun-21,0.1847,-0.265027617,-0.249270521,-0.264270016
5-Jun-21,0.1847,-0.265027617,-0.249270521,-0.264270016
6-Jun-21,0.1847,-0.265027617,-0.249270521,-0.264270016
7-Jun-21,0.1745,-0.263221372,-0.251046226,-0.259183674
8-Jun-21,0.1813,-0.253230579,-0.263121017,-0.260627944
9-Jun-21,0.1836,-0.265817849,-0.257419565,-0.241946625
10-Jun-21,0.1809,-0.265817849,-0.257419565,-0.2488854
11-Jun-21,0.1809,-0.265817849,-0.257419565,-0.2488854
12-Jun-21,0.1769,-0.260342669,-0.271385242,-0.253532182
13-Jun-21,0.1815,-0.262600475,-0.263869692,-0.243233909
14-Jun-21,0.1866,-0.264858281,-0.269974276,-0.247346939
15-Jun-21,0.1951,-0.265592068,-0.267113952,-0.244929356
16-Jun-21,0.1966,-0.267624094,-0.260740613,-0.240973312
17-Jun-21,0.1752,-0.267624094,-0.260740613,-0.23299843
18-Jun-21,0.1752,-0.267624094,-0.260740613,-0.23299843
19-Jun-21,0.1937,-0.252666127,-0.285629271,-0.262511774
20-Jun-21,0.2062,-0.253004798,-0.290965983,-0.247723705
21-Jun-21,0.2016,-0.251029218,-0.291234739,-0.243359498
22-Jun-21,0.2035,-0.2372566,-0.285053367,-0.238084772
23-Jun-21,0.2013,-0.220097272,-0.286896261,-0.240847724
24-Jun-21,0.2196,-0.220097272,-0.286896261,-0.240533752
25-Jun-21,0.2196,-0.220097272,-0.286896261,-0.240533752
26-Jun-21,0.2123,-0.1923827,-0.274811871,-0.232213501
27-Jun-21,0.2151,-0.19576941,-0.273688858,-0.225211931
28-Jun-21,0.2132,-0.192664926,-0.264157644,-0.22411303
29-Jun-21,0.225,-0.178102076,-0.256901252,-0.216169545
30-Jun-21,0.2223,-0.158515606,-0.258590571,-0.202511774
1-Jul-21,0.2214,-0.158515606,-0.258590571,-0.21032967
2-Jul-21,0.2214,-0.158515606,-0.258590571,-0.21032967
3-Jul-21,0.2271,-0.173755798,-0.256258159,-0.207660911
4-Jul-21,0.2306,-0.17804563,-0.257966674,-0.21032967
5-Jul-21,0.2346,-0.164442348,-0.267824234,-0.215949765
6-Jul-21,0.2403,-0.132042828,-0.262305152,-0.211648352
7-Jul-21,0.2443,-0.129502796,-0.26544383,-0.212370487
8-Jul-21,0.2443,-0.129502796,-0.26544383,-0.214474097
9-Jul-21,0.2443,-0.129502796,-0.26544383,-0.214474097
10-Jul-21,0.2263,-0.145589665,-0.265741381,-0.2166719
11-Jul-21,0.2317,-0.138985582,-0.264618368,-0.215102041
12-Jul-21,0.2308,-0.137574453,-0.265338248,-0.216043956
13-Jul-21,0.2368,-0.14005804,-0.272249098,-0.222637363
14-Jul-21,0.2406,-0.141977175,-0.279582278,-0.227503925
15-Jul-21,0.2406,-0.141977175,-0.279582278,-0.224521193
16-Jul-21,0.2406,-0.141977175,-0.279582278,-0.224521193
17-Jul-21,0.2434,-0.121600474,-0.27734585,-0.223579278
18-Jul-21,0.2435,-0.139437143,-0.282193043,-0.229858713
19-Jul-21,0.2456,-0.144234982,-0.28107003,-0.231899529
20-Jul-21,0.2456,-0.144234982,-0.28107003,-0.230172685
21-Jul-21,0.2456,-0.144234982,-0.28107003,-0.230172685
22-Jul-21,0.2456,-0.144234982,-0.28107003,-0.226750393
23-Jul-21,0.2456,-0.144234982,-0.28107003,-0.226750393
24-Jul-21,0.2456,-0.144234982,-0.28107003,-0.224207221
25-Jul-21,0.2456,-0.144234982,-0.28107003,-0.222009419
26-Jul-21,0.242,-0.137461563,-0.259963142,-0.213532182
27-Jul-21,0.2443,-0.139550034,-0.243607464,-0.209858713
28-Jul-21,0.2492,-0.135485982,-0.231763035,-0.196263736
29-Jul-21,0.2492,-0.135485982,-0.231763035,-0.196263736
30-Jul-21,0.2492,-0.135485982,-0.231763035,-0.196263736
31-Jul-21,0.2265,-0.117536423,-0.199138063,-0.192182104
1-Aug-21,0.2454,-0.094506799,-0.205914536,-0.199717425
2-Aug-21,0.2517,-0.09507125,-0.212585426,-0.19877551
3-Aug-21,0.2265,-0.08959607,-0.202967826,-0.192182104
4-Aug-21,0.2387,-0.067243788,-0.198984489,-0.195635793
5-Aug-21,0.2387,-0.067243788,-0.198984489,-0.195635793
6-Aug-21,0.2387,-0.067243788,-0.198984489,-0.195635793
7-Aug-21,0.2511,-0.059736582,-0.219064348,-0.195039247
8-Aug-21,0.258,-0.057648111,-0.207037549,-0.193437991
9-Aug-21,0.2599,-0.037497191,-0.214860247,-0.186530612
10-Aug-21,0.2478,-0.027224172,-0.206941565,-0.173186813
11-Aug-21,0.2422,-0.019547631,-0.190528296,-0.16455259
12-Aug-21,0.2422,-0.019547631,-0.190528296,-0.170204082
13-Aug-21,0.2422,-0.019547631,-0.190528296,-0.170204082
14-Aug-21,0.2572,-0.014693347,-0.178194349,-0.173657771
15-Aug-21,0.2746,-0.002501193,-0.170745988,-0.15544741
16-Aug-21,0.2746,-0.002501193,-0.170745988,-0.155196232
17-Aug-21,0.2746,-0.002501193,-0.170745988,-0.15544741
18-Aug-21,0.2746,-0.002501193,-0.170745988,-0.15544741
19-Aug-21,0.2746,-0.002501193,-0.170745988,-0.15544741
20-Aug-21,0.2746,-0.002501193,-0.170745988,-0.15544741
21-Aug-21,0.2746,-0.002501193,-0.170745988,-0.144427002
22-Aug-21,0.2742,0.011553651,-0.152422637,-0.138178964
23-Aug-21,0.2901,0.019399527,-0.160379713,-0.131585557
24-Aug-21,0.3199,0.045815861,-0.148314521,-0.13177394
25-Aug-21,0.3263,0.042372706,-0.158815173,-0.125620094
26-Aug-21,0.3259,0.042372706,-0.158815173,-0.124050236
27-Aug-21,0.3259,0.042372706,-0.158815173,-0.124050236
28-Aug-21,0.3333,0.061846285,-0.147949781,-0.114568289
29-Aug-21,0.3414,0.054339079,-0.173865469,-0.133186813
30-Aug-21,0.3333,0.003538438,-0.197544729,-0.150266876
31-Aug-21,0.3149,-0.005267006,-0.186496967,-0.139026688
1-Sep-21,0.3264,0.011102089,-0.182916763,-0.151177394
2-Sep-21,0.3361,0.011102089,-0.182916763,-0.143139717
3-Sep-21,0.3361,0.011102089,-0.182916763,-0.143139717
4-Sep-21,0.3436,0.030914339,-0.180027643,-0.151302983
5-Sep-21,0.3374,0.031704571,-0.173279966,-0.150141287
6-Sep-21,0.2815,0.037687758,-0.180152423,-0.148477237
7-Sep-21,0.2817,0.015561257,-0.180075635,-0.140313972
8-Sep-21,0.2817,0.016351489,-0.172396913,-0.13089482
9-Sep-21,0.2765,0.016351489,-0.172396913,-0.126310832
10-Sep-21,0.2765,0.016351489,-0.172396913,-0.126310832
11-Sep-21,0.2997,0.035712178,-0.170093297,-0.129324961
12-Sep-21,0.3176,0.01132787,-0.181275436,-0.144395604
13-Sep-21,0.3325,0.000998406,-0.194300468,-0.142511774
14-Sep-21,0.3592,0.018609295,-0.186458573,-0.131962323
15-Sep-21,0.3809,0.00782827,-0.191171389,-0.142197802
16-Sep-21,0.3995,0.00782827,-0.191171389,-0.138273155
17-Sep-21,0.3995,0.00782827,-0.191171389,-0.138273155
18-Sep-21,0.3635,-0.026264604,-0.20745028,-0.140627944
19-Sep-21,0.3725,-0.039924332,-0.218622821,-0.137676609
20-Sep-21,0.3817,-0.032925133,-0.212345466,-0.140313972
21-Sep-21,0.3805,-0.044327054,-0.216568763,-0.139623234
22-Sep-21,0.3955,-0.039190545,-0.206212086,-0.135918367
23-Sep-21,0.3943,-0.039190545,-0.206212086,-0.13089482
24-Sep-21,0.3943,-0.039190545,-0.206212086,-0.13089482
25-Sep-21,0.4252,-0.021128095,-0.20342855,-0.13466248
26-Sep-21,0.4227,-0.022482779,-0.204647547,-0.13089482
27-Sep-21,0.4227,-0.022482779,-0.204647547,-0.13089482
28-Sep-21,0.4205,-0.016217367,-0.196258543,-0.118649922
29-Sep-21,0.4138,-0.011532419,-0.186074637,-0.11299843
30-Sep-21,0.4198,-0.011532419,-0.186074637,-0.106091052
1-Oct-21,0.4198,-0.011532419,-0.186074637,-0.106091052
2-Oct-21,0.4378,0.025044043,-0.176034708,-0.114568289
3-Oct-21,0.451,0.029672546,-0.189818014,-0.119591837
4-Oct-21,0.4543,0.033510816,-0.192025647,-0.116609105
5-Oct-21,0.4543,0.033510816,-0.192025647,-0.116609105
6-Oct-21,0.4617,0.031309455,-0.190825847,-0.123014129
7-Oct-21,0.4617,0.031309455,-0.190825847,-0.123014129
8-Oct-21,0.4617,0.031309455,-0.190825847,-0.123014129
9-Oct-21,0.4585,0.017593282,-0.203918068,-0.134693878
10-Oct-21,0.4544,0.017593282,-0.206845581,-0.134034537
11-Oct-21,0.4695,0.017593282,-0.210147432,-0.141821036
12-Oct-21,0.467,0.017593282,-0.224439453,-0.149984301
13-Oct-21,0.4673,0.017593282,-0.225380097,-0.147378336
14-Oct-21,0.4651,0.017593282,-0.225380097,-0.149544741
15-Oct-21,0.4651,0.017593282,-0.225380097,-0.149544741
16-Oct-21,0.4668,0.017593282,-0.205856945,-0.143328101
17-Oct-21,0.4696,0.017593282,-0.210704139,-0.146562009
18-Oct-21,0.4633,0.017593282,-0.215608923,-0.143987441
19-Oct-21,0.4647,0.017593282,-0.2067304,-0.13711146
20-Oct-21,0.4663,0.017593282,-0.209590724,-0.142605966
21-Oct-21,0.4679,0.017593282,-0.209590724,-0.139246468
22-Oct-21,0.4679,0.017593282,-0.209590724,-0.139246468
23-Oct-21,0.4497,0.017593282,-0.200232281,-0.133343799
24-Oct-21,0.4497,0.017593282,-0.200232281,-0.133343799
25-Oct-21,0.4544,0.017593282,-0.195932197,-0.134631083
26-Oct-21,0.4325,0.017593282,-0.200049912,-0.134160126
27-Oct-21,0.4248,0.017593282,-0.194847577,-0.130989011
28-Oct-21,0.427,0.017593282,-0.194847577,-0.131648352
29-Oct-21,0.427,0.017593282,-0.194847577,-0.131648352
30-Oct-21,0.4298,0.017593282,-0.204916302,-0.13299843
31-Oct-21,0.4379,0.017593282,-0.212527835,-0.13422292
1-Nov-21,0.4247,-0.036198952,-0.206183291,-0.136357928
2-Nov-21,0.3834,-0.025079256,-0.205540198,-0.133406593
3-Nov-21,0.3554,-0.010629296,-0.196344928,-0.12411303
4-Nov-21,0.3046,-0.010629296,-0.196344928,-0.131836735
5-Nov-21,0.3046,-0.010629296,-0.196344928,-0.131836735
6-Nov-21,0.2813,0.020867101,-0.18756239,-0.126405024
7-Nov-21,0.3345,0.008166941,-0.183348691,-0.121161695
8-Nov-21,0.3616,0.010311857,-0.177954388,-0.120125589
9-Nov-21,0.3776,0.018778631,-0.178779851,-0.11755102
10-Nov-21,0.3752,0.018778631,-0.169478999,-0.109387755
11-Nov-21,0.3379,0.018778631,-0.169478999,-0.107566719
12-Nov-21,0.3379,0.018778631,-0.169478999,-0.107566719
13-Nov-21,0.3215,0.018778631,-0.131066191,-0.100784929
14-Nov-21,0.3146,0.018778631,-0.141989173,-0.104458399
15-Nov-21,0.3637,0.018778631,-0.158498426,-0.12
16-Nov-21,0.3284,0.018778631,-0.148141749,-0.121098901
17-Nov-21,0.3137,0.018778631,-0.143774476,-0.121821036
18-Nov-21,0.2712,0.018778631,-0.143774476,-0.124081633
19-Nov-21,0.2712,0.018778631,-0.143774476,-0.124081633
20-Nov-21,0.2966,0.018778631,-0.162654534,-0.119403454
21-Nov-21,0.2886,0.018778631,-0.154831836,-0.111585557
22-Nov-21,0.3335,0.018778631,-0.151395608,-0.108728414
23-Nov-21,0.2998,0.018778631,-0.155138985,-0.102009419
24-Nov-21,0.3358,0.018778631,-0.14158604,-0.086279435
25-Nov-21,0.331,0.018778631,-0.14158604,-0.095510204
26-Nov-21,0.331,0.018778631,-0.14158604,-0.095510204
27-Nov-21,0.3481,0.018778631,-0.137026799,-0.065234851
28-Nov-21,0.3684,0.018778631,-0.139215235,-0.08599843
29-Nov-21,0.3799,0.018778631,-0.128973739,-0.092494819
30-Nov-21,0.4744,0.018778631,-0.144177609,-0.092401884
1-Dec-21,0.471,-0.072210962,-0.134895953,-0.080062794
2-Dec-21,0.4684,-0.072210962,-0.134895953,-0.075353218
3-Dec-21,0.4684,-0.072210962,-0.134895953,-0.075353218
4-Dec-21,0.425,-0.074186542,-0.112531675,-0.045525903
5-Dec-21,0.4259,-0.06419575,-0.101090379,-0.04144427
6-Dec-21,0.4255,-0.064647311,-0.085425785,-0.025117739
7-Dec-21,0.4361,-0.075710562,-0.079820318,-0.029827316
8-Dec-21,0.4365,-0.058099673,-0.091088843,-0.034536892
9-Dec-21,0.4392,-0.058099673,-0.091088843,-0.035478807
10-Dec-21,0.4392,-0.058099673,-0.091088843,-0.035478807
11-Dec-21,0.4625,-0.058099673,-0.101099977,-0.042386185
12-Dec-21,0.463,-0.058099673,-0.114556938,-0.055572998
13-Dec-21,0.4643,-0.058099673,-0.14381287,-0.075353218
14-Dec-21,0.4456,-0.058099673,-0.127418798,-0.050863422
15-Dec-21,0.462,-0.058099673,-0.103096445,-0.05588697
16-Dec-21,0.4686,-0.058099673,-0.103096445,-0.058398744
17-Dec-21,0.4686,-0.058099673,-0.103096445,-0.058398744
18-Dec-21,0.4708,-0.058099673,-0.112224526,-0.062794349
19-Dec-21,0.471,-0.058099673,-0.126353375,-0.061538462
20-Dec-21,0.4681,-0.058099673,-0.125739077,-0.052433281
21-Dec-21,0.4766,-0.058099673,-0.11508485,-0.050549451
22-Dec-21,0.476,-0.058099673,-0.116572602,-0.050235479
23-Dec-21,0.4853,-0.058099673,-0.116572602,-0.056200942
24-Dec-21,0.4853,-0.058099673,-0.116572602,-0.056200942
25-Dec-21,0.4759,-0.058099673,-0.134089688,-0.031397174
26-Dec-21,0.4801,-0.058099673,-0.128916148,-0.057456829
27-Dec-21,0.4841,-0.058099673,-0.124414497,-0.059654631
28-Dec-21,0.4832,-0.058099673,-0.133197036,-0.066875981
29-Dec-21,0.486,-0.058099673,-0.131565308,-0.063422292
30-Dec-21,0.4785,-0.058099673,-0.131565308,-0.058084772
31-Dec-21,0.4785,-0.058099673,-0.131565308,-0.058084772
1-Jan-22,0.4808,-0.030102875,-0.126487752,-0.068131868
2-Jan-22,0.4804,-0.034674933,-0.131507717,-0.072527473
3-Jan-22,0.4752,-0.039585661,-0.132371573,-0.081632653
4-Jan-22,0.4912,-0.046979977,-0.137026799,-0.086970173
5-Jan-22,0.4878,-0.057648111,-0.153257698,-0.097017268
6-Jan-22,0.4878,-0.057648111,-0.153257698,-0.090423862
7-Jan-22,0.4878,-0.057648111,-0.153257698,-0.090423862
8-Jan-22,0.4833,-0.053809841,-0.16970936,-0.120879121
9-Jan-22,0.4832,-0.067526014,-0.196085771,-0.135007849
10-Jan-22,0.5184,-0.07142073,-0.198350994,-0.116797488
11-Jan-22,0.5297,-0.070178936,-0.187428012,-0.114599686
12-Jan-22,0.5674,-0.08237109,-0.19020195,-0.124646782
13-Jan-22,0.5704,-0.08237109,-0.19020195,-0.116169545
14-Jan-22,0.5704,-0.08237109,-0.19020195,-0.116169545
15-Jan-22,0.5553,-0.099361082,-0.202689473,-0.125274725
16-Jan-22,0.5837,-0.106134501,-0.197986255,-0.12967033
17-Jan-22,0.5602,-0.108956759,-0.207623052,-0.143485086
18-Jan-22,0.5434,-0.127696551,-0.210406588,-0.128414443
19-Jan-22,0.5556,-0.141299833,-0.192016049,-0.123390895
20-Jan-22,0.5525,-0.141299833,-0.192016049,-0.117739404
21-Jan-22,0.5525,-0.141299833,-0.192016049,-0.120879121
22-Jan-22,0.567,-0.137010002,-0.191132996,-0.124646782
23-Jan-22,0.5923,-0.144178536,-0.179643707,-0.119937206
24-Jan-22,0.5832,-0.149202155,-0.170717193,-0.116169545
25-Jan-22,0.6029,-0.166417928,-0.178415112,-0.117739404
26-Jan-22,0.5938,-0.137800234,-0.171475467,-0.12244898
27-Jan-22,0.5846,-0.137800234,-0.171475467,-0.120879121
28-Jan-22,0.5846,-0.137800234,-0.171475467,-0.120879121
29-Jan-22,0.6104,-0.105231378,-0.172185748,-0.116797488
30-Jan-22,0.6233,-0.099135301,-0.184596483,-0.116483517
31-Jan-22,0.6421,-0.09332145,-0.189693235,-0.124018838
1-Feb-22,0.6324,-0.098345069,-0.194194886,-0.127786499
2-Feb-22,0.6171,-0.096651715,-0.199234048,-0.135007849
3-Feb-22,0.5687,-0.096651715,-0.199234048,-0.135321821
4-Feb-22,0.5687,-0.096651715,-0.199234048,-0.135321821
5-Feb-22,0.6264,-0.099304637,-0.220475313,-0.169544741
6-Feb-22,0.6178,-0.124309841,-0.220062582,-0.15133438
7-Feb-22,0.6224,-0.130405918,-0.21964985,-0.164207221
8-Feb-22,0.6261,-0.121205358,-0.23160946,-0.163265306
9-Feb-22,0.6044,-0.127640106,-0.22770291,-0.164835165
10-Feb-22,0.5711,-0.127640106,-0.22770291,-0.167974882
11-Feb-22,0.5711,-0.127640106,-0.22770291,-0.167974882
12-Feb-22,0.6281,-0.111722571,-0.209427551,-0.154788069
13-Feb-22,0.6281,-0.106868288,-0.196796053,-0.143799058
14-Feb-22,0.6397,-0.107037623,-0.191929663,-0.144427002
15-Feb-22,0.6397,-0.107037623,-0.191929663,-0.153846154
16-Feb-22,0.6257,-0.105344269,-0.204138831,-0.157299843
17-Feb-22,0.6434,-0.105344269,-0.204138831,-0.178021978
18-Feb-22,0.6434,-0.105344269,-0.204138831,-0.178021978
19-Feb-22,0.6519,-0.09868374,-0.217797359,-0.177394035
20-Feb-22,0.6599,-0.097385502,-0.223585195,-0.191522763
21-Feb-22,0.6377,-0.094337463,-0.223518007,-0.181161695
22-Feb-22,0.6421,-0.095184141,-0.20697036,-0.174254317
23-Feb-22,0.6621,-0.087902715,-0.211184059,-0.175824176
24-Feb-22,0.6724,-0.087902715,-0.211184059,-0.172684458
25-Feb-22,0.6724,-0.087902715,-0.211184059,-0.172684458
26-Feb-22,0.6933,-0.092361883,-0.203975659,-0.173626374
27-Feb-22,0.6757,-0.103142908,-0.204014052,-0.173626374
28-Feb-22,0.6669,-0.103030017,-0.202804653,-0.182103611
1-Mar-22,0.6669,-0.103030017,-0.202804653,-0.178021978
2-Mar-22,0.6866,-0.096651715,-0.196824848,-0.179905809
3-Mar-22,0.6888,-0.096651715,-0.196824848,-0.182103611
4-Mar-22,0.6888,-0.096651715,-0.196824848,-0.182103611
5-Mar-22,0.6701,-0.088410722,-0.207143131,-0.193092622
6-Mar-22,0.6925,-0.072493188,-0.21544575,-0.196232339
7-Mar-22,0.7225,-0.044270609,-0.201787223,-0.183673469
8-Mar-22,0.719,-0.053076054,-0.183876603,-0.180533752
9-Mar-22,0.699,-0.047036422,-0.186871305,-0.190266876
10-Mar-22,0.7116,-0.047036422,-0.186871305,-0.188383046
11-Mar-22,0.7116,-0.047036422,-0.186871305,-0.188383046
12-Mar-22,0.7079,-0.062784621,-0.179730093,-0.185243328
13-Mar-22,0.7171,-0.074073652,-0.167405744,-0.170486656
14-Mar-22,0.6933,-0.077742587,-0.173942256,-0.170486656
15-Mar-22,0.6977,-0.078250594,-0.174748522,-0.167974882
16-Mar-22,0.6992,-0.062333059,-0.179768487,-0.176766091
17-Mar-22,0.7025,-0.062333059,-0.179768487,-0.175196232
18-Mar-22,0.7025,-0.062333059,-0.179768487,-0.175196232
19-Mar-22,0.6959,-0.045512403,-0.187946326,-0.174882261
20-Mar-22,0.6959,-0.045512403,-0.187946326,-0.174882261
21-Mar-22,0.6959,-0.045512403,-0.187946326,-0.174882261
22-Mar-22,0.6959,-0.045512403,-0.187946326,-0.174882261
23-Mar-22,0.6959,-0.045512403,-0.187946326,-0.174882261
24-Mar-22,0.6959,-0.045512403,-0.187946326,-0.174882261
25-Mar-22,0.6959,-0.045512403,-0.187946326,-0.174882261
26-Mar-22,0.6999,-0.02818374,-0.181179452,-0.176138148
27-Mar-22,0.7058,-0.014411122,-0.183732627,-0.170486656
28-Mar-22,0.7051,-0.001598071,-0.180661138,-0.164835165
29-Mar-22,0.7126,-0.003404316,-0.169325424,-0.148508634
30-Mar-22,0.7161,-0.000638503,-0.162184213,-0.154788069
31-Mar-22,0.7137,-0.000638503,-0.162184213,-0.150706436
1-Apr-22,0.7137,-0.000638503,-0.162184213,-0.150706436
2-Apr-22,0.7137,-0.000638503,-0.162184213,-0.150706436
3-Apr-22,0.6991,0.025552049,-0.165390079,-0.153846154
4-Apr-22,0.7391,0.026850288,-0.15979421,-0.152653061
5-Apr-22,0.7421,0.030236997,-0.146510021,-0.135729984
6-Apr-22,0.7346,0.016520824,-0.145435,-0.135949765
7-Apr-22,0.7418,0.016520824,-0.145435,-0.130926217
8-Apr-22,0.7418,0.016520824,-0.145435,-0.130926217
9-Apr-22,0.766,0.018101289,-0.130672656,-0.128728414
10-Apr-22,0.7581,0.028769423,-0.11664939,-0.121507064
11-Apr-22,0.7512,0.028600088,-0.100802427,-0.118367347
12-Apr-22,0.7488,0.012908334,-0.105841588,-0.11711146
13-Apr-22,0.7481,0.011102089,-0.129405667,-0.127158556
14-Apr-22,0.7102,0.011102089,-0.129405667,-0.136577708
15-Apr-22,0.7102,0.011102089,-0.129405667,-0.136577708
16-Apr-22,0.7554,0.00969096,-0.119941642,-0.123390895
17-Apr-22,0.7434,0.01505325,-0.105092913,-0.125588697
18-Apr-22,0.7468,0.037800648,-0.100984796,-0.131868132
19-Apr-22,0.7496,0.055863098,-0.109172234,-0.134379906
20-Apr-22,0.7503,0.057048447,-0.113232358,-0.129042386
21-Apr-22,0.7474,0.057048447,-0.113232358,-0.125274725
22-Apr-22,0.7474,0.057048447,-0.113232358,-0.125274725
23-Apr-22,0.7474,0.057048447,-0.113232358,-0.125274725
24-Apr-22,0.7649,0.056653331,-0.113309145,-0.127472528
25-Apr-22,0.7682,0.051121705,-0.119375336,-0.125274725
26-Apr-22,0.7727,0.061056053,-0.116140674,-0.122762951
27-Apr-22,0.7681,0.056258215,-0.109652154,-0.118053375
28-Apr-22,0.7688,0.056258215,-0.109652154,-0.115541601
29-Apr-22,0.7688,0.056258215,-0.109652154,-0.115541601
30-Apr-22,0.7595,0.063821865,-0.10955617,-0.117739404
1-May-22,0.7701,0.053492402,-0.109287415,-0.122260597
2-May-22,0.7687,0.053548847,-0.110352837,-0.12021978
3-May-22,0.7687,0.053548847,-0.110352837,-0.12021978
4-May-22,0.7687,0.053548847,-0.110352837,-0.12021978
5-May-22,0.776,0.053548847,-0.110352837,-0.119120879
6-May-22,0.776,0.053548847,-0.110352837,-0.119120879
7-May-22,0.7679,0.070538839,-0.095264148,-0.108320251
8-May-22,0.7786,0.0762398,-0.092029486,-0.107692308
9-May-22,0.7749,0.073756213,-0.09350764,-0.113689168
10-May-22,0.7711,0.06737791,-0.08672157,-0.076295133
11-May-22,0.7761,0.077820264,-0.065979421,-0.062166405
12-May-22,0.7424,0.077820264,-0.065979421,-0.032339089
13-May-22,0.7424,0.077820264,-0.065979421,-0.032339089
14-May-22,0.778,0.083859896,-0.053472702,-0.051177394
15-May-22,0.77,0.082843883,-0.042357752,-0.037676609
16-May-22,0.771,0.089843083,-0.038393611,-0.039874411
17-May-22,0.7866,0.093512018,-0.046369884,-0.051805338
18-May-22,0.7807,0.094358695,-0.059327728,-0.058084772
19-May-22,0.7759,0.094358695,-0.059327728,-0.052433281
20-May-22,0.7759,0.094358695,-0.059327728,-0.052433281
21-May-22,0.7791,0.095092482,-0.036109191,-0.047095761
22-May-22,0.7994,0.09791474,-0.022383475,-0.04866562
23-May-22,0.7858,0.097971185,-0.033680796,-0.047095761
24-May-22,0.7996,0.104857494,-0.016710819,-0.053375196
25-May-22,0.8098,0.109937558,-0.015962144,-0.050235479
26-May-22,0.8065,0.109937558,-0.015962144,-0.043956044
27-May-22,0.8065,0.109937558,-0.015962144,-0.043956044
28-May-22,0.8064,0.112082474,-0.006949244,-0.040816327
29-May-22,0.809,0.090915541,0.005557475,-0.032025118
30-May-22,0.8119,0.098704972,0.026769945,-0.023547881
31-May-22,0.8183,0.100849888,0.030158182,-0.021978022
1-Jun-22,0.8139,0.098535637,0.018544114,-0.001569859
2-Jun-22,0.803,0.098535637,0.018544114,-0.00722135
3-Jun-22,0.803,0.098535637,0.018544114,-0.00722135
4-Jun-22,0.803,0.098535637,0.018544114,-0.005651491
5-Jun-22,0.803,0.098535637,0.018544114,-0.004709576
6-Jun-22,0.815,0.096672947,0.000681487,-0.007849294
7-Jun-22,0.8086,0.106945965,0.008916916,0.003139717
8-Jun-22,0.824,0.087754612,0.02253705,-0.002197802
9-Jun-22,0.8133,0.087754612,0.02253705,0.011616954
10-Jun-22,0.8133,0.087754612,0.02253705,0.011616954
11-Jun-22,0.8054,0.088431954,0.057600015,0.031397174
12-Jun-22,0.8023,0.098592082,0.103278814,0.039874411
13-Jun-22,0.8122,0.124218183,0.078562927,0.032025118
14-Jun-22,0.8184,0.123427951,0.052868003,0.006279435
15-Jun-22,0.826,0.114509616,0.028200108,-0.001569859
16-Jun-22,0.829,0.114509616,0.028200108,0.010989011
17-Jun-22,0.829,0.114509616,0.028200108,0.010989011
18-Jun-22,0.8215,0.108357094,0.05799355,0.007849294
19-Jun-22,0.8381,0.118686558,0.061209015,-0.002511774
20-Jun-22,0.8337,0.118912338,0.044085464,-0.00188383
21-Jun-22,0.8334,0.118912338,0.057062505,-0.00188383
22-Jun-22,0.8355,0.107566862,0.070413883,0.007849294
23-Jun-22,0.8327,0.107566862,0.070413883,0.001569859
24-Jun-22,0.8327,0.107566862,0.070413883,0.001569859
25-Jun-22,0.8423,0.107679752,0.038959917,-0.001569859
26-Jun-22,0.853,0.08719016,-0.012343546,-0.021036107
27-Jun-22,0.8556,0.079231393,-0.042242571,-0.04866562
28-Jun-22,0.8466,0.084819464,-0.036627505,-0.035478807
29-Jun-22,0.8602,0.084763019,-0.030234969,-0.018838305
30-Jun-22,0.8226,0.084763019,-0.030234969,0.008477237
1-Jul-22,0.8226,0.084763019,-0.030234969,0.008477237
2-Jul-22,0.8458,0.083295444,0.035571681,0.028257457
3-Jul-22,0.8524,0.08182787,0.036512324,-0.003139717
4-Jul-22,0.8511,0.07810249,0.000211165,-0.004709576
5-Jul-22,0.8681,0.076296245,0.021375643,-0.017896389
6-Jul-22,0.877,0.081150529,0.017238731,-0.014756672
7-Jul-22,0.8757,0.081150529,0.017238731,-0.010989011
8-Jul-22,0.8757,0.081150529,0.017238731,-0.010989011
9-Jul-22,0.869,0.077312258,0.008187438,-0.010989011
10-Jul-22,0.869,0.077312258,0.008187438,-0.010989011
11-Jul-22,0.877,0.07810249,0.017641864,-0.010989011
12-Jul-22,0.8854,0.083690561,0.01129732,-0.010989011
13-Jul-22,0.8706,0.093568463,0.007601935,-0.010989011
14-Jul-22,0.8624,0.093568463,0.007601935,-0.010989011
15-Jul-22,0.8624,0.093568463,0.007601935,-0.010989011
16-Jul-22,0.8644,0.078271826,0.01730592,0.006279435
17-Jul-22,0.8751,0.078666942,0.004991169,0.004709576
18-Jul-22,0.8751,0.078666942,0.004991169,0.001569859
19-Jul-22,0.8777,0.059249808,-0.000499117,-0.003139717
20-Jul-22,0.8708,0.065910336,-0.001065423,-0.003139717
21-Jul-22,0.8781,0.065910336,-0.001065423,0.003139717
22-Jul-22,0.8781,0.065910336,-0.001065423,0.003139717
23-Jul-22,0.8749,0.076014019,0.005163941,0.00533752
24-Jul-22,0.8887,0.07612691,0.014340014,0.003139717
25-Jul-22,0.8877,0.05631466,0.007851494,-0.000313972
26-Jul-22,0.8876,0.056371105,0.012113184,0.002511774
27-Jul-22,0.8754,0.056766221,0.010203102,0.002197802
28-Jul-22,0.8915,0.056766221,0.010203102,0.002197802
29-Jul-22,0.8915,0.056766221,0.010203102,0.002197802
30-Jul-22,0.8715,0.056935556,0.015539814,0.002825746
31-Jul-22,0.8702,0.040453571,0.015309453,-0.004081633
1-Aug-22,0.8832,0.03463972,0.008417799,-0.001569859
2-Aug-22,0.8828,0.036333074,0.008043462,-0.007535322
3-Aug-22,0.9145,0.039381113,0.002006066,-0.01978022
4-Aug-22,0.9276,0.039381113,0.002006066,-0.01255887
5-Aug-22,0.9276,0.039381113,0.002006066,-0.01255887
6-Aug-22,0.9191,0.050105692,-0.00787069,-0.008791209
7-Aug-22,0.9191,0.050105692,-0.00787069,-0.003139717
8-Aug-22,0.9191,0.050105692,-0.00787069,-0.003139717
9-Aug-22,0.9309,0.049992802,-0.002255625,-0.003139717
10-Aug-22,0.9258,0.037574868,-0.012525916,-0.026059655
11-Aug-22,0.9382,0.037574868,-0.012525916,-0.020408163
12-Aug-22,0.9382,0.037574868,-0.012525916,-0.020408163
13-Aug-22,0.9589,0.052081273,-0.036982646,-0.050235479
14-Aug-22,0.9607,0.047170544,-0.057763188,-0.042386185
15-Aug-22,0.9513,0.041921145,-0.068906934,-0.051177394
16-Aug-22,0.9494,0.044122506,-0.07025071,-0.054317111
17-Aug-22,0.9391,0.036841081,-0.098364432,-0.060596546
18-Aug-22,0.9401,0.036841081,-0.098364432,-0.063736264
19-Aug-22,0.9401,0.036841081,-0.098364432,-0.063736264
20-Aug-22,0.9356,0.021205772,-0.121746141,-0.108320251
21-Aug-22,0.9436,0.026060056,-0.11995124,-0.090423862
22-Aug-22,0.9485,0.016859495,-0.101071182,-0.078492936
23-Aug-22,0.9515,0.021657334,-0.099967365,-0.08100471
24-Aug-22,0.9425,0.03672819,-0.116179068,-0.077864992
25-Aug-22,0.9582,0.03672819,-0.116179068,-0.067503925
26-Aug-22,0.9582,0.03672819,-0.116179068,-0.067503925
27-Aug-22,0.9919,0.036445965,-0.095292943,-0.064364207
28-Aug-22,0.9654,0.026568062,-0.100207326,-0.070643642
29-Aug-22,0.9743,0.023745804,-0.103643554,-0.064364207
30-Aug-22,0.9811,0.016407934,-0.101186363,-0.060282575
31-Aug-22,0.9964,0.01669016,-0.090973662,-0.059026688
1-Sep-22,1.002,0.01669016,-0.090973662,-0.065306122
2-Sep-22,1.002,0.01669016,-0.090973662,-0.065306122
3-Sep-22,1.0161,0.015617702,-0.080377025,-0.054945055
4-Sep-22,1.0172,0.010932754,-0.074445212,-0.050549451
5-Sep-22,1.0173,0.021657334,-0.083045381,-0.051805338
6-Sep-22,1.0265,0.003707774,-0.081279275,-0.054317111
7-Sep-22,1.0339,-0.005718567,-0.088180527,-0.051177394
8-Sep-22,1.0268,-0.005718567,-0.088180527,-0.049921507
9-Sep-22,1.0268,-0.005718567,-0.088180527,-0.049921507
10-Sep-22,1.025,-0.01373378,-0.075107502,-0.046153846
11-Sep-22,1.0122,-0.012943547,-0.069242878,-0.029199372
12-Sep-22,1.0092,-0.010911522,-0.050286032,-0.026687598
13-Sep-22,1.0169,-0.011137302,-0.030158182,-0.008477237
14-Sep-22,1.0129,-0.012379096,-0.037750518,-0.010361068
15-Sep-22,1.0065,-0.012379096,-0.037750518,-0.008477237
16-Sep-22,1.0065,-0.012379096,-0.037750518,-0.008477237
17-Sep-22,1.0065,-0.012379096,-0.037750518,0.001569859
18-Sep-22,1.01,-0.019886302,-0.031425171,-0.010047096
19-Sep-22,1.0253,-0.01757205,-0.043538355,-0.003767661
20-Sep-22,1.0239,-0.02665972,-0.043336789,-0.005651491
21-Sep-22,1.0166,-0.039811442,-0.046974583,-0.004081633
22-Sep-22,1.0138,-0.039811442,-0.046974583,-0.004081633
23-Sep-22,1.0138,-0.039811442,-0.046974583,-0.004081633
24-Sep-22,1.0094,-0.050761802,-0.039055901,-0.004081633
25-Sep-22,1.0094,-0.050761802,-0.039055901,-0.00722135
26-Sep-22,1.0119,-0.044835061,-0.037817707,-0.00533752
27-Sep-22,1.0119,-0.044835061,-0.037817707,-0.003767661
28-Sep-22,1.0054,-0.038569649,-0.042597712,-0.001569859
29-Sep-22,1.0005,-0.038569649,-0.042597712,0.009419152
30-Sep-22,0.9958,-0.038569649,-0.042597712,0.009419152
1-Oct-22,1.018,-0.052455157,-0.000518314,0.043956044
2-Oct-22,1.0186,-0.05544675,0.014157644,0.040188383
3-Oct-22,1.0246,-0.054317847,0.021961146,0.047095761
4-Oct-22,1.0246,-0.056011202,0.017853029,0.039246468
5-Oct-22,1.0502,-0.056011202,0.017853029,0.029199372
6-Oct-22,1.0299,-0.056011202,0.017853029,0.032967033
7-Oct-22,1.0299,-0.056011202,0.017853029,0.032967033
8-Oct-22,1.0299,-0.052116486,0.001151808,0.022919937
9-Oct-22,1.0248,-0.063010401,-0.004424864,0.016640502
10-Oct-22,1.0098,-0.063010401,-0.006056592,0.021978022
11-Oct-22,0.9684,-0.063010401,0.001487752,0.029199372
12-Oct-22,0.9404,-0.063010401,0.002735545,0.024803768
13-Oct-22,0.9387,-0.063010401,0.002735545,0.033908948
14-Oct-22,0.9387,-0.063010401,0.002735545,0.033908948
15-Oct-22,0.9576,-0.063010401,0.002274821,0.028257457
16-Oct-22,0.9506,-0.063010401,0.009473624,0.037676609
17-Oct-22,0.9545,-0.063010401,0.006584504,0.031397174
18-Oct-22,0.9615,-0.063010401,-0.001218997,0.031397174
19-Oct-22,0.9686,-0.063010401,-0.002697151,0.027315542
20-Oct-22,0.9775,-0.063010401,-0.002697151,0.024489796
21-Oct-22,0.9775,-0.063010401,-0.002697151,0.024489796
22-Oct-22,0.9639,-0.063010401,0.000671888,0.029827316
23-Oct-22,0.9412,-0.063010401,-0.000115181,0.027315542
24-Oct-22,0.9202,-0.063010401,-0.00552868,0.0288854
25-Oct-22,0.945,-0.063010401,-0.002639561,0.031397174
26-Oct-22,0.9548,-0.063010401,0.00108462,0.036734694
27-Oct-22,0.9492,-0.063010401,0.00108462,0.036734694
28-Oct-22,0.9492,-0.063010401,0.00108462,0.036734694
29-Oct-22,0.9686,-0.063010401,0.006094986,0.033281005
30-Oct-22,0.9704,-0.063010401,0.008283422,0.03610675
31-Oct-22,0.9682,-0.063010401,0.018294556,0.047409733
1-Nov-22,0.9701,-0.05883346,0.036934654,0.060596546
2-Nov-22,0.9482,-0.069953156,0.068071873,0.09010989
3-Nov-22,0.9512,-0.069953156,0.068071873,0.101412873
4-Nov-22,0.9512,-0.069953156,0.068071873,0.101412873
5-Nov-22,0.969,-0.036876294,0.090282577,0.130298273
6-Nov-22,0.9893,-0.019491186,0.066670506,0.135007849
7-Nov-22,1.0121,0.012908334,0.078409353,0.157927787
8-Nov-22,1.0169,0.039606893,0.056448207,0.133437991
9-Nov-22,1.0258,0.025552049,0.057456039,0.11522763
10-Nov-22,1.0337,0.025552049,0.057456039,0.103610675
11-Nov-22,1.0337,0.025552049,0.057456039,0.103610675
12-Nov-22,1.0224,0.025552049,0.054499731,0.102040816
13-Nov-22,1.0098,0.025552049,0.05943331,0.114599686
14-Nov-22,1.0006,0.025552049,0.070817016,0.121821036
15-Nov-22,1.0155,0.025552049,0.089562697,0.124960754
16-Nov-22,1.0257,0.025552049,0.08611687,0.116797488
17-Nov-22,1.0435,0.025552049,0.08611687,0.106750393
18-Nov-22,1.0435,0.025552049,0.08611687,0.106750393
19-Nov-22,1.0248,0.025552049,0.08281502,0.110204082
20-Nov-22,1.0242,0.025552049,0.0943523,0.108948195
21-Nov-22,1.0352,0.025552049,0.094707441,0.10989011
22-Nov-22,1.0683,0.025552049,0.100466482,0.114599686
23-Nov-22,1.0413,0.025552049,0.100879214,0.106750393
24-Nov-22,1.0639,0.025552049,0.100879214,0.108320251
25-Nov-22,1.0639,0.025552049,0.100879214,0.108320251
26-Nov-22,1.0634,0.025552049,0.113078784,0.119309262
27-Nov-22,1.0357,0.025552049,0.131123781,0.130298273
28-Nov-22,1.0574,0.025552049,0.134483222,0.131868132
29-Nov-22,1.0617,0.025552049,0.120258389,0.127158556
30-Nov-22,1.0765,0.025552049,0.128071489,0.141287284
1-Dec-22,1.0876,0.025552049,0.128071489,0.135321821
2-Dec-22,1.0876,0.025552049,0.128071489,0.135321821
3-Dec-22,1.1151,0.025552049,0.135135913,0.134065934
4-Dec-22,1.1177,0.017076413,0.152134685,0.140345369
5-Dec-22,1.1364,0.004645479,0.167472933,0.141287284
6-Dec-22,1.1325,0.005210521,0.155081395,0.136577708
7-Dec-22,1.158,0.000125139,0.14867926,0.138461539
8-Dec-22,1.1461,0.000125139,0.14867926,0.145054945
9-Dec-22,1.1461,0.000125139,0.14867926,0.145054945
10-Dec-22,1.135,0.000125139,0.171053137,0.161695447
11-Dec-22,1.1472,0.000125139,0.189491669,0.174254317
12-Dec-22,1.1347,0.000125139,0.202151962,0.191522763
13-Dec-22,1.0684,0.000125139,0.207901405,0.210361068
14-Dec-22,1.0818,0.000125139,0.205751363,0.198744113
15-Dec-22,1.087,0.000125139,0.205751363,0.206593407
16-Dec-22,1.087,0.000125139,0.205751363,0.206593407
17-Dec-22,1.0615,0.000125139,0.211184059,0.239246468
18-Dec-22,1.0393,0.000125139,0.219486677,0.233594977
19-Dec-22,1.0516,0.000125139,0.219582661,0.250235479
20-Dec-22,1.0364,0.000125139,0.218728404,0.221350079
21-Dec-22,1.0808,0.000125139,0.211692774,0.243956044
22-Dec-22,1.0761,0.000125139,0.211692774,0.260596546
23-Dec-22,1.0761,0.000125139,0.211692774,0.260596546
24-Dec-22,1.0407,0.000125139,0.2481955,0.274725275
25-Dec-22,1.0192,0.000125139,0.267699455,0.289795918
26-Dec-22,1.0316,0.000125139,0.288595178,0.303610675
27-Dec-22,1.0316,0.000125139,0.288595178,0.326844584
28-Dec-22,1.0003,0.000125139,0.331202488,0.379905809
29-Dec-22,1.0132,0.000125139,0.331202488,0.346938776
30-Dec-22,1.0132,0.000125139,0.331202488,0.346938776
31-Dec-22,1.0711,0.000125139,0.236821393,0.254317112
1-Jan-23,1.0669,0.000125139,0.259886355,0.285714286
2-Jan-23,1.0601,0.016039612,0.298059203,0.25588697
3-Jan-23,1.0837,0.019023575,0.266010136,0.259026688
4-Jan-23,1.1019,-0.00186417,0.279649466,0.248037677
5-Jan-23,1.1136,-0.00186417,0.279649466,0.257456829
6-Jan-23,1.1136,-0.00186417,0.279649466,0.257456829
7-Jan-23,1.1083,0.014050303,0.317313599,0.301412873
8-Jan-23,1.0892,0.048863211,0.342000691,0.287284144
9-Jan-23,1.0884,0.050355193,0.329138831,0.284772371
10-Jan-23,1.1205,0.073232248,0.331471243,0.282574568
11-Jan-23,1.135,0.068258975,0.33125048,0.291993721
12-Jan-23,1.1257,0.068258975,0.33125048,0.292621664
13-Jan-23,1.1257,0.068258975,0.33125048,0.292621664
14-Jan-23,1.1192,0.04190063,0.34988098,0.282574568
15-Jan-23,1.1192,0.04190063,0.34988098,0.285714286
16-Jan-23,1.1257,0.074724229,0.357809261,0.297645212
17-Jan-23,1.0583,0.066766993,0.374385702,0.318053375
18-Jan-23,1.0132,0.069253629,0.415601244,0.350078493
19-Jan-23,0.9267,0.069253629,0.415601244,0.345682889
20-Jan-23,0.9267,0.069253629,0.415601244,0.345682889
21-Jan-23,0.9659,0.041403302,0.52019504,0.412872841
22-Jan-23,1.0296,0.039911321,0.619461722,0.408791209
23-Jan-23,1.0194,0.050852521,0.53136758,0.405965463
24-Jan-23,1.03,0.027975466,0.4477175,0.351648352
25-Jan-23,1.1313,0.002611775,0.445980189,0.372684458
26-Jan-23,1.0702,0.002611775,0.445980189,0.396232339
27-Jan-23,1.0702,0.002611775,0.445980189,0.396232339
28-Jan-23,1.2413,0.006093066,0.523573677,0.377708006
29-Jan-23,1.2309,-0.043639661,0.557532827,0.408163265
30-Jan-23,1.2581,-0.038666388,0.56538432,0.398744113
31-Jan-23,1.2766,-0.01827597,0.534371881,0.403453689
1-Feb-23,1.2687,-0.024243897,0.563455041,0.402511774
2-Feb-23,1.1736,-0.024243897,0.563455041,0.412872841
3-Feb-23,1.1736,-0.024243897,0.563455041,0.412872841
4-Feb-23,1.1736,-0.024243897,0.563455041,0.408791209
5-Feb-23,1.2506,-0.014794679,0.542559318,0.40533752
6-Feb-23,1.2694,-0.029714497,0.566699301,0.401255887
7-Feb-23,1.3009,-0.014794679,0.565173155,0.389324961
8-Feb-23,1.2672,-0.01827597,0.569031713,0.402511774
9-Feb-23,1.2193,-0.01827597,0.569031713,0.417268446
10-Feb-23,1.2193,-0.01827597,0.569031713,0.417268446
11-Feb-23,1.2193,-0.01827597,0.569031713,0.422919937
12-Feb-23,1.2278,-0.011313388,0.638476158,0.441758242
13-Feb-23,1.287,-0.019767952,0.673059203,0.433908948
14-Feb-23,1.3028,-0.010816061,0.716290409,0.443642072
15-Feb-23,1.2971,-0.033195788,0.774946249,0.484144427
16-Feb-23,1.2229,-0.033195788,0.774946249,0.492935636
17-Feb-23,1.2229,-0.033195788,0.774946249,0.492935636
18-Feb-23,1.2229,-0.033195788,0.774946249,0.496703297
19-Feb-23,1.2953,-0.019270624,0.915140521,0.551020408
20-Feb-23,1.2497,0.019520903,0.874692851,0.564835165
21-Feb-23,1.2653,0.073729575,0.81508677,0.569858713
22-Feb-23,1.3019,0.073729575,0.892344314,0.609733124
23-Feb-23,1.2537,0.073729575,0.892344314,0.649921507
24-Feb-23,1.2537,0.073729575,0.892344314,0.649921507
25-Feb-23,1.3556,0.180157611,1.062466406,0.800627944
26-Feb-23,1.4495,0.184136229,1.093814789,0.803767661
27-Feb-23,1.4159,0.179162956,0.97812524,0.833594977
28-Feb-23,1.417,0.179660283,0.939059741,0.747252747
1-Mar-23,1.4182,0.153301938,0.824723566,0.686028258
2-Mar-23,1.4182,0.153301938,0.824723566,0.703296703
3-Mar-23,1.4182,0.153301938,0.824723566,0.703296703
4-Mar-23,1.4207,0.125451611,0.91556285,0.687598116
5-Mar-23,1.422,0.139874102,0.840397758,0.588697017
6-Mar-23,1.4124,0.125451611,0.761182139,0.541601256
7-Mar-23,1.4107,0.157777884,0.695557859,0.610675039
8-Mar-23,1.4107,0.157777884,0.695557859,0.588697017
9-Mar-23,1.4125,0.157777884,0.695557859,0.563579278
10-Mar-23,1.4125,0.157777884,0.695557859,0.563579278
11-Mar-23,1.4256,0.155788574,0.562725563,0.37833595
12-Mar-23,1.411,0.120478338,0.602338171,0.375196232
13-Mar-23,1.4126,0.124954284,0.629069723,0.422291994
14-Mar-23,1.4344,0.123462302,0.695461875,0.491365777
15-Mar-23,1.4113,0.173692356,0.725927206,0.450549451
16-Mar-23,1.3815,0.173692356,0.725927206,0.461538462
17-Mar-23,1.3815,0.173692356,0.725927206,0.461538462
18-Mar-23,1.3815,0.235858265,0.832411887,0.47566719
19-Mar-23,1.4116,0.26768721,0.89867926,0.510204082
20-Mar-23,1.4116,0.26768721,0.89867926,0.510204082
21-Mar-23,1.4116,0.26768721,0.89867926,0.510204082
22-Mar-23,1.4116,0.26768721,0.89867926,0.510204082
23-Mar-23,1.4116,0.26768721,0.89867926,0.510204082
24-Mar-23,1.4116,0.26768721,0.89867926,0.510204082
25-Mar-23,1.4129,0.306976064,1.007496353,0.591836735
26-Mar-23,1.4402,0.30051081,0.934634877,0.59811617
27-Mar-23,1.4106,0.279623065,0.971751901,0.605965463
28-Mar-23,1.4067,0.296532192,0.992762804,0.64678179
29-Mar-23,1.4063,0.321398555,1.059202949,0.690737834
30-Mar-23,1.3944,0.321398555,1.059202949,0.725274725
31-Mar-23,1.3944,0.321398555,1.059202949,0.725274725
1-Apr-23,1.3944,0.321398555,1.059202949,0.692307692
2-Apr-23,1.3944,0.321398555,1.059202949,0.676609105
3-Apr-23,1.4368,0.330847773,1.035485295,0.610675039
4-Apr-23,1.464,0.350243537,0.938493435,0.605965463
5-Apr-23,1.4386,0.360687409,1.000844659,0.580847724
6-Apr-23,1.436,0.360687409,1.000844659,0.594976452
7-Apr-23,1.436,0.360687409,1.000844659,0.594976452
8-Apr-23,1.4327,0.409425482,0.991447823,0.602825746
9-Apr-23,1.4359,0.428821245,0.982434923,0.580847724
10-Apr-23,1.4539,0.401965573,0.916157951,0.582417582
11-Apr-23,1.4743,0.384061791,0.966136835,0.612244898
12-Apr-23,1.4743,0.384061791,0.966136835,0.602825746
13-Apr-23,1.4802,0.384061791,0.966136835,0.594976452
14-Apr-23,1.4802,0.384061791,0.966136835,0.594976452
15-Apr-23,1.4721,0.445233045,0.947861476,0.599686028
16-Apr-23,1.4824,0.465126136,0.93785994,0.610675039
17-Apr-23,1.4817,0.466120791,0.977923674,0.612244898
18-Apr-23,1.4883,0.494468445,0.9657433,0.624803768
19-Apr-23,1.4838,0.49347379,0.985919143,0.623233909
20-Apr-23,1.4595,0.49347379,0.985919143,0.613814757
21-Apr-23,1.4595,0.49347379,0.985919143,0.613814757
22-Apr-23,1.4595,0.49347379,0.985919143,0.626373626
23-Apr-23,1.4595,0.49347379,0.985919143,0.624803768
24-Apr-23,1.4942,0.478553972,0.984844122,0.627943485
25-Apr-23,1.5494,0.51535619,0.985727175,0.626373626
26-Apr-23,1.4938,0.500933699,1.053578285,0.64678179
27-Apr-23,1.4703,0.500933699,1.053578285,0.681318681
28-Apr-23,1.4703,0.500933699,1.053578285,0.681318681
29-Apr-23,1.4882,0.558126335,1.198303002,0.716797488
30-Apr-23,1.5391,0.604875099,1.248944176,0.722135008
1-May-23,1.5484,0.588960626,1.281617139,0.74945055
2-May-23,1.5345,0.599404499,1.199713968,0.709576138
3-May-23,1.5138,0.603383117,1.191968057,0.697017268
4-May-23,1.4805,0.603383117,1.191968057,0.697959184
5-May-23,1.4805,0.603383117,1.191968057,0.697959184
6-May-23,1.548,0.604377772,1.180075635,0.675039247
7-May-23,1.5411,0.541217208,1.060527528,0.653061225
8-May-23,1.541,0.439762445,1.088698841,0.682260597
9-May-23,1.5645,0.485019227,1.110189664,0.670957614
10-May-23,1.6063,0.472586045,1.058579052,0.665620094
11-May-23,1.5981,0.472586045,1.058579052,0.666248038
12-May-23,1.5981,0.472586045,1.058579052,0.666248038
13-May-23,1.6322,0.365163355,0.998473854,0.636734694
14-May-23,1.6553,0.490987154,1.014119251,0.612244898
15-May-23,1.6519,0.476067336,0.975351302,0.63422292
16-May-23,1.6519,0.476067336,0.975351302,0.62166405
17-May-23,1.6646,0.499939045,0.929403747,0.609105181
18-May-23,1.6553,0.499939045,0.929403747,0.613814757
19-May-23,1.6553,0.499939045,0.929403747,0.613814757
20-May-23,1.6507,0.483029918,0.943906934,0.613814757
21-May-23,1.643,0.493971118,1.021529218,0.626373626
22-May-23,1.6436,0.488500518,1.068484604,0.643642072
23-May-23,1.64,0.49347379,1.052253705,0.638932496
24-May-23,1.6482,0.497949736,1.046120326,0.618524333
25-May-23,1.6775,0.497949736,1.046120326,0.621036107
26-May-23,1.6775,0.497949736,1.046120326,0.621036107
27-May-23,1.6732,0.468607427,0.985026492,0.632025118
28-May-23,1.6709,0.4407571,0.960253014,0.616954474
29-May-23,1.6756,0.450703645,0.976493512,0.625745683
30-May-23,1.6842,0.477061991,0.955041081,0.613186813
31-May-23,1.6967,0.454184936,0.902038701,0.59811617
1-Jun-23,1.6827,0.454184936,0.902038701,0.610675039
2-Jun-23,1.6827,0.454184936,0.902038701,0.610675039
3-Jun-23,1.7037,0.459655536,0.901549182,0.591208791
4-Jun-23,1.7037,0.459655536,0.901549182,0.59811617
5-Jun-23,1.7037,0.459655536,0.901549182,0.604395604
6-Jun-23,1.6945,0.469104754,0.901424403,0.597488226
7-Jun-23,1.723,0.459158209,0.846281579,0.56577708
8-Jun-23,1.72,0.459158209,0.846281579,0.54945055
9-Jun-23,1.72,0.459158209,0.846281579,0.54945055
10-Jun-23,1.7053,0.395997646,0.802724027,0.54945055
11-Jun-23,1.7053,0.396494973,0.774850265,0.479434851
12-Jun-23,1.7765,0.365163355,0.756517316,0.512715856
13-Jun-23,1.7491,0.419869355,0.833218153,0.563579278
14-Jun-23,1.7712,0.420864009,0.833362129,0.533751962
15-Jun-23,1.7657,0.420864009,0.833362129,0.532182104
16-Jun-23,1.7726,0.420864009,0.833362129,0.532182104
17-Jun-23,1.756,0.379088518,0.837422253,0.551020408
18-Jun-23,1.76,0.372125937,0.801015511,0.546310832
19-Jun-23,1.7716,0.357206119,0.755250326,0.53155416
20-Jun-23,1.76,0.374612573,0.779380711,0.533124019
21-Jun-23,1.7541,0.385056446,0.778372879,0.530612245
22-Jun-23,1.7527,0.385056446,0.778372879,0.551020408
23-Jun-23,1.7527,0.385056446,0.778372879,0.551020408
24-Jun-23,1.7387,0.382072482,0.802493665,0.59811617
25-Jun-23,1.7461,0.403457555,0.806822545,0.568288854
26-Jun-23,1.7645,0.399976264,0.78413192,0.563579278
27-Jun-23,1.7776,0.380083173,0.796341089,0.548822606
28-Jun-23,1.7857,0.383067137,0.794018275,0.54945055
29-Jun-23,1.7857,0.383067137,0.794018275,0.54945055
30-Jun-23,1.7857,0.383067137,0.794018275,0.54945055
1-Jul-23,1.7818,0.382072482,0.824522,0.564835165
2-Jul-23,1.7888,0.387045755,0.857281348,0.571428571
3-Jul-23,1.7299,0.399976264,0.868185134,0.577708006
4-Jul-23,1.7793,0.411912118,0.840829686,0.576138148
5-Jul-23,1.8016,0.422355991,0.838295708,0.580847724
6-Jul-23,1.7933,0.422355991,0.838295708,0.590266876
7-Jul-23,1.7933,0.422355991,0.838295708,0.590266876
8-Jul-23,1.7953,0.401468246,0.839908239,0.566091052
9-Jul-23,1.8116,0.3860511,0.818244644,0.568288854
10-Jul-23,1.8384,0.370633955,0.795803578,0.56577708
11-Jul-23,1.8416,0.349248882,0.770339016,0.544740973
12-Jul-23,1.841,0.324879846,0.769782308,0.546310832
13-Jul-23,1.8208,0.324879846,0.769782308,0.547880691
14-Jul-23,1.8208,0.324879846,0.769782308,0.547880691
15-Jul-23,1.8371,0.318911919,0.784487061,0.535321821
16-Jul-23,1.8513,0.273655137,0.747466022,0.522762951
17-Jul-23,1.8523,0.25674601,0.755682255,0.533751962
18-Jul-23,1.8515,0.277136428,0.769887891,0.533751962
19-Jul-23,1.8759,0.281612374,0.750230362,0.522762951
20-Jul-23,1.8513,0.281612374,0.750230362,0.528414443
21-Jul-23,1.8513,0.281612374,0.750230362,0.528414443
22-Jul-23,1.867,0.25674601,0.738174768,0.527472528
23-Jul-23,1.8832,0.257243337,0.705904937,0.51711146
24-Jul-23,1.8736,0.270671174,0.715724104,0.52433281
25-Jul-23,1.8806,0.258237992,0.74970245,0.535321821
26-Jul-23,1.908,0.252270065,0.784275897,0.536263736
27-Jul-23,1.908,0.252270065,0.784275897,0.536263736
28-Jul-23,1.908,0.252270065,0.784275897,0.536263736
29-Jul-23,1.8745,0.247794119,0.782106658,0.540973312
30-Jul-23,1.8851,0.21497052,0.783517623,0.532810047
31-Jul-23,1.9041,0.227403701,0.799259003,0.548822606
1-Aug-23,1.8898,0.241826192,0.873176304,0.578649922
2-Aug-23,1.8898,0.241826192,0.873176304,0.57299843
3-Aug-23,1.8898,0.241826192,0.873176304,0.576138148
4-Aug-23,1.8898,0.241826192,0.873176304,0.576138148
5-Aug-23,1.8835,0.286585646,0.844208324,0.552590267
6-Aug-23,1.915,0.285590992,0.825193888,0.558869702
7-Aug-23,1.9349,0.296532192,0.8221128,0.556357928
8-Aug-23,1.9311,0.285590992,0.805258005,0.54945055
9-Aug-23,1.9402,0.287082974,0.819626814,0.556985871
10-Aug-23,1.9113,0.287082974,0.819626814,0.543171115
11-Aug-23,1.9113,0.287082974,0.819626814,0.543171115
12-Aug-23,1.9516,0.250280756,0.757227597,0.530612245
13-Aug-23,1.9438,0.258237992,0.789094295,0.544740973
14-Aug-23,1.9513,0.259729974,0.786589112,0.547880691
15-Aug-23,1.9544,0.248291447,0.778910389,0.547880691
16-Aug-23,1.9787,0.249783428,0.775704523,0.536263736
17-Aug-23,1.9911,0.249783428,0.775704523,0.53689168
18-Aug-23,1.9911,0.249783428,0.775704523,0.53689168
19-Aug-23,1.9959,0.252270065,0.750806266,0.534693878
20-Aug-23,2.0091,0.241328865,0.758302618,0.530612245
21-Aug-23,2.0185,0.242820847,0.751410965,0.530612245
22-Aug-23,2.0049,0.239339556,0.766230899,0.547880691
23-Aug-23,2.0179,0.254756701,0.774562313,0.542543171
24-Aug-23,2.014,0.254756701,0.774562313,0.544740973
25-Aug-23,2.014,0.254756701,0.774562313,0.544740973
26-Aug-23,2.0078,0.290564264,0.757323581,0.53689168
27-Aug-23,2.0164,0.326371828,0.764109652,0.543171115
28-Aug-23,2.0464,0.336815701,0.763322583,0.540031397
29-Aug-23,2.0615,0.340794319,0.760347078,0.542229199
30-Aug-23,2.0393,0.3532275,0.766739615,0.542543171
31-Aug-23,2.0383,0.3532275,0.766739615,0.540345369
1-Sep-23,2.0383,0.3532275,0.766739615,0.540345369
2-Sep-23,2.0397,0.341291646,0.764205636,0.55321821
3-Sep-23,2.0386,0.358200773,0.79302964,0.558869702
4-Sep-23,2.0627,0.3751099,0.782337019,0.557927787
5-Sep-23,2.0665,0.378093864,0.770156646,0.558869702
6-Sep-23,2.0665,0.378093864,0.770156646,0.554788069
7-Sep-23,2.0599,0.378093864,0.770156646,0.55855573
8-Sep-23,2.0599,0.378093864,0.770156646,0.55855573
9-Sep-23,2.0598,0.364666028,0.783037703,0.563265306
10-Sep-23,2.0837,0.365660682,0.773612071,0.559497645
11-Sep-23,2.0791,0.354222155,0.774619903,0.557299843
12-Sep-23,2.0751,0.366655337,0.761402903,0.561381476
13-Sep-23,2.0958,0.389035064,0.776779544,0.567974882
14-Sep-23,2.0958,0.389035064,0.776779544,0.562009419
15-Sep-23,2.0958,0.389035064,0.776779544,0.562009419
16-Sep-23,2.0958,0.389035064,0.776779544,0.56043956
17-Sep-23,2.0899,0.384559118,0.768755279,0.558241758
18-Sep-23,2.1169,0.379585846,0.750815864,0.555416013
19-Sep-23,2.1634,0.383564464,0.748982569,0.557299843
20-Sep-23,2.1666,0.365163355,0.73299163,0.542229199
21-Sep-23,2.1689,0.365163355,0.73299163,0.551020408
22-Sep-23,2.1406,0.365163355,0.73299163,0.551020408
23-Sep-23,2.1406,0.359692755,0.720081778,0.549136578
24-Sep-23,2.1661,0.359692755,0.720081778,0.551020408
25-Sep-23,2.1661,0.347259573,0.710233817,0.554160126
26-Sep-23,2.1808,0.345270264,0.708842049,0.54945055
27-Sep-23,2.1804,0.348751555,0.697554327,0.553532182
28-Sep-23,2.1713,0.348751555,0.697554327,0.561695447
29-Sep-23,2.1713,0.348751555,0.697554327,0.561695447
30-Sep-23,2.1772,0.330350446,0.682983952,0.557299843
1-Oct-23,2.1615,0.318414592,0.694655609,0.556357928
2-Oct-23,2.1394,0.327366482,0.700750595,0.55855573
3-Oct-23,2.1394,0.327366482,0.700750595,0.557927787
4-Oct-23,2.1105,0.33333441,0.693666974,0.558241758
5-Oct-23,2.0849,0.33333441,0.693666974,0.569858713
6-Oct-23,2.0849,0.33333441,0.693666974,0.569858713
7-Oct-23,2.1271,0.315430628,0.738289949,0.591836735
8-Oct-23,2.123,0.282607028,0.849468249,0.646153846
9-Oct-23,2.1567,0.287580301,0.896250864,0.656200942
10-Oct-23,2.2035,0.287580301,0.815470706,0.642072214
11-Oct-23,2.282,0.287580301,0.810421946,0.62166405
12-Oct-23,2.2492,0.287580301,0.810421946,0.618524333
13-Oct-23,2.2492,0.287580301,0.810421946,0.618524333
14-Oct-23,2.2078,0.287580301,0.841069646,0.602825746
15-Oct-23,2.1964,0.287580301,0.825251478,0.596546311
16-Oct-23,2.1768,0.287580301,0.793423174,0.580847724
17-Oct-23,2.2013,0.287580301,0.813205483,0.601255887
18-Oct-23,2.1979,0.287580301,0.85432504,0.610675039
19-Oct-23,2.2019,0.287580301,0.85432504,0.607535322
20-Oct-23,2.2019,0.287580301,0.85432504,0.607535322
21-Oct-23,2.2158,0.287580301,0.829599555,0.576766091
22-Oct-23,2.2847,0.287580301,0.835444982,0.589324961
23-Oct-23,2.2131,0.287580301,0.837355064,0.593406593
24-Oct-23,2.1554,0.287580301,0.840349766,0.594976452
25-Oct-23,2.1554,0.287580301,0.850764033,0.605965463
26-Oct-23,2.1372,0.287580301,0.850764033,0.623233909
27-Oct-23,2.1372,0.287580301,0.850764033,0.623233909
28-Oct-23,2.1969,0.287580301,0.916820241,0.637362637
29-Oct-23,2.2761,0.287580301,0.87157337,0.612244898
30-Oct-23,2.2283,0.287580301,0.857002995,0.618524333
31-Oct-23,2.1898,0.287580301,0.867580435,0.620094192
1-Nov-23,2.1859,0.258735319,0.872869155,0.625431711
2-Nov-23,2.18,0.258735319,0.872869155,0.637362637
3-Nov-23,2.18,0.258735319,0.872869155,0.637362637
4-Nov-23,2.2132,0.291558919,0.843814789,0.60533752
5-Nov-23,2.2835,0.312446664,0.852117408,0.612244898
6-Nov-23,2.2637,0.308965373,0.841837518,0.612244898
7-Nov-23,2.2924,0.323885192,0.827622284,0.606593407
8-Nov-23,2.2955,0.313938646,0.833093373,0.605965463
9-Nov-23,2.3427,0.313938646,0.833093373,0.613814757
10-Nov-23,2.3427,0.313938646,0.833093373,0.613814757
11-Nov-23,2.3434,0.313938646,0.836414421,0.612244898
12-Nov-23,2.3428,0.313938646,0.835176227,0.613186813
13-Nov-23,2.348,0.313938646,0.838785226,0.606593407
14-Nov-23,2.3569,0.313938646,0.830079475,0.603767661
15-Nov-23,2.3723,0.313938646,0.839697074,0.596546311
16-Nov-23,2.4265,0.313938646,0.839697074,0.597488226
17-Nov-23,2.4265,0.313938646,0.839697074,0.597488226
18-Nov-23,2.4225,0.313938646,0.832651847,0.589952904
19-Nov-23,2.4391,0.313938646,0.824301236,0.579277865
20-Nov-23,2.4048,0.313938646,0.808780619,0.579277865
21-Nov-23,2.4104,0.313938646,0.821652077,0.575510204
22-Nov-23,2.4269,0.313938646,0.825040313,0.575196232
23-Nov-23,2.4243,0.313938646,0.825040313,0.577708006
24-Nov-23,2.4243,0.313938646,0.825040313,0.577708006
25-Nov-23,2.4001,0.313938646,0.833746065,0.583045526
26-Nov-23,2.4458,0.313938646,0.833314137,0.577708006
27-Nov-23,2.444,0.313938646,0.837211088,0.577708006
28-Nov-23,2.4592,0.313938646,0.834091607,0.576138148
29-Nov-23,2.4349,0.313938646,0.840176995,0.584615385
30-Nov-23,2.4268,0.313938646,0.840176995,0.586185243
1-Dec-23,2.4268,0.313938646,0.840176995,0.586185243
2-Dec-23,2.4059,0.337810355,0.868655456,0.583045526
3-Dec-23,2.4427,0.393013682,0.875124779,0.583987441
4-Dec-23,2.4766,0.405446864,0.880653459,0.587127159
5-Dec-23,2.5171,0.406938846,0.863654688,0.581789639
6-Dec-23,2.5348,0.4024629,0.857386931,0.579277865
7-Dec-23,2.5272,0.4024629,0.857386931,0.577708006
8-Dec-23,2.5272,0.4024629,0.857386931,0.577708006
9-Dec-23,2.5445,0.398484282,0.844438685,0.583045526
10-Dec-23,2.5536,0.398484282,0.852875682,0.580533752
11-Dec-23,2.5778,0.398484282,0.845475313,0.583987441
12-Dec-23,2.5739,0.398484282,0.845043385,0.580847724
13-Dec-23,2.559,0.398484282,0.845667281,0.581475667
14-Dec-23,2.5062,0.398484282,0.845667281,0.581789639
15-Dec-23,2.5062,0.398484282,0.845667281,0.581789639
16-Dec-23,2.5284,0.398484282,0.851301543,0.579905809
17-Dec-23,2.5284,0.398484282,0.851301543,0.581161695
18-Dec-23,2.5332,0.398484282,0.847788528,0.576138148
19-Dec-23,2.5302,0.398484282,0.843123704,0.570486656
20-Dec-23,2.535,0.398484282,0.845830454,0.562009419
21-Dec-23,2.514,0.398484282,0.845830454,0.567346939
22-Dec-23,2.514,0.398484282,0.845830454,0.567346939
23-Dec-23,2.4868,0.398484282,0.853624357,0.571428571
26-Dec-23,2.4854,0.398484282,0.862675651,0.568288854
27-Dec-23,2.4739,0.398484282,0.865708746,0.57299843
28-Dec-23,2.4566,0.398484282,0.865708746,0.57299843
29-Dec-23,2.4566,0.398484282,0.865708746,0.57299843
30-Dec-23,2.4744,0.398484282,0.879338478,0.587127159
31-Dec-23,2.4888,0.398484282,0.881411733,0.586185243
1-Jan-24,2.4666,0.404949536,0.882419565,0.587127159
2-Jan-24,2.4798,0.3860511,0.899907855,0.587127159
3-Jan-24,2.4971,0.400473591,0.909899793,0.594976452
4-Jan-24,2.4485,0.400473591,0.909899793,0.609105181
5-Jan-24,2.4485,0.400473591,0.909899793,0.609105181
6-Jan-24,2.4926,0.393013682,0.903651232,0.599686028
7-Jan-24,2.5053,0.381575155,0.924268602,0.599372057
8-Jan-24,2.5124,0.385553773,0.928779851,0.599058085
9-Jan-24,2.4249,0.391024373,0.945337096,0.613814757
10-Jan-24,2.4236,0.406441518,1.018054596,0.631083203
11-Jan-24,2.4395,0.406441518,1.018054596,0.615384615
12-Jan-24,2.4395,0.406441518,1.018054596,0.615384615
13-Jan-24,2.4673,0.426831936,1.082171927,0.643642072
14-Jan-24,2.6386,0.440259773,1.071978423,0.635164835
15-Jan-24,2.5015,0.428821245,0.997993934,0.648351648
16-Jan-24,2.5195,0.427329264,1.038432005,0.662480377
17-Jan-24,2.4069,0.421858664,1.032855333,0.687598116
18-Jan-24,2.4045,0.421858664,1.032855333,0.697017268
19-Jan-24,2.4045,0.421858664,1.032855333,0.697017268
20-Jan-24,2.4229,0.415393409,1.033709591,0.701098901
21-Jan-24,2.5011,0.401468246,1.093190893,0.690737834
22-Jan-24,2.5051,0.404949536,1.104248253,0.69544741
23-Jan-24,2.5346,0.386548427,1.187898334,0.723076923
24-Jan-24,2.6019,0.426334609,1.202843047,0.740973312
25-Jan-24,2.6019,0.426334609,1.202843047,0.730612245
26-Jan-24,2.6019,0.426334609,1.202843047,0.730612245
27-Jan-24,2.5872,0.433297191,1.217710973,0.755729984
28-Jan-24,2.5737,0.436281154,1.176284266,0.761381476
29-Jan-24,2.5764,0.439265118,1.246237426,0.827315542
30-Jan-24,2.6525,0.427329264,1.239211395,0.832025118
31-Jan-24,2.5662,0.427826591,1.15487023,0.836734694
1-Feb-24,2.568,0.427826591,1.15487023,0.819466248
2-Feb-24,2.568,0.427826591,1.15487023,0.819466248
3-Feb-24,2.5525,0.412906773,1.063973355,0.770800628
4-Feb-24,2.5209,0.382569809,1.0552868,0.729984301
5-Feb-24,2.5069,0.384559118,1.027441834,0.736263736
6-Feb-24,2.521,0.370136628,1.053520694,0.734693878
7-Feb-24,2.5656,0.384061791,1.081202488,0.755102041
8-Feb-24,2.5656,0.384061791,1.081202488,0.748822606
9-Feb-24,2.5656,0.384061791,1.081202488,0.748822606
10-Feb-24,2.5596,0.368147319,1.062178454,0.726216641
11-Feb-24,2.5596,0.368147319,1.062178454,0.732182104
12-Feb-24,2.5886,0.3586981,1.08744145,0.73155416
13-Feb-24,2.592,0.351238191,1.078514935,0.743485086
14-Feb-24,2.6045,0.346264919,1.079820318,0.745682889
15-Feb-24,2.5733,0.346264919,1.079820318,0.757613815
16-Feb-24,2.5733,0.346264919,1.079820318,0.757613815
17-Feb-24,2.5824,0.33333441,1.099381863,0.775510204
18-Feb-24,2.6055,0.362179391,1.150810105,0.789638933
19-Feb-24,2.6325,0.3586981,1.144667127,0.789638933
20-Feb-24,2.6373,0.349248882,1.107492513,0.773940345
21-Feb-24,2.6439,0.347259573,1.131603701,0.789010989
22-Feb-24,2.6297,0.347259573,1.131603701,0.796546311
23-Feb-24,2.6297,0.347259573,1.131603701,0.796546311
24-Feb-24,2.6525,0.345767591,1.166013975,0.797488226
25-Feb-24,2.6525,0.345767591,1.166013975,0.80533752
26-Feb-24,2.6542,0.327366482,1.165572449,0.821978022
27-Feb-24,2.689,0.334329064,1.166215542,0.840502355
28-Feb-24,2.6687,0.332837082,1.160408508,0.826373626
29-Feb-24,2.6561,0.332837082,1.160408508,0.836734694
1-Mar-24,2.6561,0.332837082,1.160408508,0.836734694
2-Mar-24,2.6643,0.379585846,1.214111572,0.862480377
3-Mar-24,2.636,0.4188747,1.177205713,0.869701727
4-Mar-24,2.6292,0.406938846,1.221415956,0.893877551
5-Mar-24,2.6205,0.432799864,1.279563081,0.913029827
6-Mar-24,2.6643,0.426831936,1.300919527,0.901098901
7-Mar-24,2.6388,0.426831936,1.300919527,0.912087912
8-Mar-24,2.6388,0.426831936,1.300919527,0.912087912
9-Mar-24,2.7064,0.423847973,1.343795592,0.893877551
10-Mar-24,2.6749,0.419869355,1.266787607,0.864992151
11-Mar-24,2.6856,0.426334609,1.283479229,0.880690738
12-Mar-24,2.7067,0.425339955,1.27950549,0.874411303
13-Mar-24,2.7158,0.406441518,1.265232665,0.871271586
14-Mar-24,2.7176,0.406441518,1.265232665,0.864992151
15-Mar-24,2.7176,0.406441518,1.265232665,0.864992151
16-Mar-24,2.732,0.411414791,1.290783614,0.885400314
17-Mar-24,2.7595,0.438270464,1.341722337,0.885400314
18-Mar-24,2.8005,0.466120791,1.41111879,0.899529042
19-Mar-24,2.8005,0.466120791,1.41111879,0.899529042
20-Mar-24,2.8005,0.466120791,1.41111879,0.899529042
21-Mar-24,2.8005,0.466120791,1.41111879,0.899529042
22-Mar-24,2.8005,0.466120791,1.41111879,0.899529042
23-Mar-24,2.8005,0.466120791,1.41111879,0.899529042
24-Mar-24,2.8168,0.515853518,1.505739845,0.940973312
25-Mar-24,2.7927,0.512869554,1.476426323,0.92244898
26-Mar-24,2.7684,0.508890936,1.436765722,0.909576138
27-Mar-24,2.8,0.515853518,1.481647854,0.925274725
28-Mar-24,2.7978,0.515853518,1.481647854,0.935321821
29-Mar-24,2.7978,0.515853518,1.481647854,0.935321821
30-Mar-24,2.8487,0.509388263,1.540063733,0.927786499
31-Mar-24,2.8487,0.509388263,1.540063733,0.93877551
1-Apr-24,2.8487,0.509388263,1.540063733,0.959183674
2-Apr-24,2.8414,0.485516554,1.679490133,0.982103611
3-Apr-24,2.8472,0.495960427,1.724554634,0.998430141
4-Apr-24,2.7084,0.495960427,1.724554634,1.021978022
5-Apr-24,2.7084,0.495960427,1.724554634,1.021978022
6-Apr-24,2.7426,0.471094063,1.811554557,1.058084772
7-Apr-24,2.7285,0.452692954,1.670323658,1.01255887
8-Apr-24,2.7211,0.500933699,1.595590494,0.995290424
9-Apr-24,2.7322,0.494965772,1.720292943,1.011930926
10-Apr-24,2.7322,0.494965772,1.720292943,1.03610675
11-Apr-24,2.7322,0.494965772,1.720292943,1.025117739
12-Apr-24,2.7322,0.494965772,1.720292943,1.025117739
13-Apr-24,2.7311,0.486511209,1.873742609,1.086342229
14-Apr-24,2.7906,0.4571689,1.846732704,1.124018838
15-Apr-24,2.7137,0.483527245,1.714581894,1.098901099
16-Apr-24,2.7189,0.454184936,1.785226138,1.065306122
17-Apr-24,2.6899,0.480045954,1.805401981,1.087912088
18-Apr-24,2.5944,0.480045954,1.805401981,1.100470958
19-Apr-24,2.5944,0.480045954,1.805401981,1.100470958
20-Apr-24,2.6267,0.541714536,1.693427014,1.046467818
21-Apr-24,2.6462,0.541217208,1.704004454,1.039246468
22-Apr-24,2.6682,0.54270919,1.674690931,1.047095761
23-Apr-24,2.7132,0.525302736,1.60612954,1.03610675
24-Apr-24,2.7706,0.533757299,1.557734393,1.014128728
25-Apr-24,2.7896,0.533757299,1.557734393,0.992150706
26-Apr-24,2.7896,0.533757299,1.557734393,0.992150706
27-Apr-24,2.746,0.544201172,1.512055594,0.937205652
28-Apr-24,2.7088,0.512869554,1.509828764,0.905808477
29-Apr-24,2.7588,0.522318772,1.588430085,0.943485086
30-Apr-24,2.8005,0.503917663,1.656530753,0.967032967
1-May-24,2.8074,0.500436372,1.590896875,0.943485086
2-May-24,2.7536,0.500436372,1.590896875,0.934065934
3-May-24,2.7536,0.500436372,1.590896875,0.934065934
4-May-24,2.7801,0.500436372,1.590896875,0.924646782
5-May-24,2.7801,0.494468445,1.568187054,0.904238619
6-May-24,2.7499,0.478553972,1.618453889,0.916797488
7-May-24,2.6903,0.475570009,1.589236351,0.927158556
8-May-24,2.6715,0.474575354,1.579138831,0.919937206
9-May-24,2.6632,0.474575354,1.579138831,0.923076923
10-May-24,2.6632,0.474575354,1.579138831,0.923076923
11-May-24,2.6638,0.458660882,1.576470475,0.907378336
12-May-24,2.6701,0.435783827,1.550794748,0.89010989
13-May-24,2.6486,0.404452209,1.517766644,0.871271586
14-May-24,2.6435,0.426334609,1.517401904,0.860282575
15-May-24,2.6687,0.423847973,1.535341319,0.849293564
16-May-24,2.677,0.423847973,1.535341319,0.833594977
17-May-24,2.677,0.423847973,1.535341319,0.833594977
18-May-24,2.6655,0.415393409,1.509953544,0.786499215
19-May-24,2.6554,0.374612573,1.516038931,0.883830455
20-May-24,2.6554,0.374612573,1.516038931,0.803767661
21-May-24,2.6387,0.373120591,1.510539046,0.813186813
22-May-24,2.6387,0.373120591,1.510539046,0.800627944
23-May-24,2.645,0.373120591,1.510539046,0.8288854
24-May-24,2.645,0.373120591,1.510539046,0.8288854
25-May-24,2.6781,0.366655337,1.457623052,0.802197802
26-May-24,2.687,0.342783628,1.441699301,0.807849294
27-May-24,2.6944,0.345767591,1.474871381,0.835164835
28-May-24,2.7404,0.377099209,1.567332796,0.84144427
29-May-24,2.7559,0.385553773,1.545246871,0.827943485
30-May-24,2.7252,0.385553773,1.545246871,0.857142857
31-May-24,2.6901,0.385553773,1.545246871,0.857142857
1-Jun-24,2.6901,0.372125937,1.495584735,0.846153846
2-Jun-24,2.6902,0.373617918,1.525531752,0.872841444
3-Jun-24,2.7143,0.373617918,1.525531752,0.850863422
4-Jun-24,2.7143,0.373617918,1.525531752,0.84144427
5-Jun-24,2.7143,0.372125937,1.523400906,0.846153846
6-Jun-24,2.6909,0.372125937,1.523400906,0.843014129
7-Jun-24,2.7104,0.372125937,1.523400906,0.843014129
8-Jun-24,2.7104,0.351238191,1.493943408,0.860910518
9-Jun-24,2.7388,0.3641687,1.497792367,0.851491366
10-Jun-24,2.7478,0.391024373,1.469717039,0.850863422
11-Jun-24,2.745,0.379088518,1.465714505,0.85400314
12-Jun-24,2.7436,0.379585846,1.4741611,0.849293564
13-Jun-24,2.7427,0.379585846,1.4741611,0.855572998
14-Jun-24,2.7427,0.379585846,1.4741611,0.855572998
15-Jun-24,2.7466,0.370633955,1.475476081,0.847723705
16-Jun-24,2.758,0.354222155,1.466559165,0.850235479
17-Jun-24,2.7654,0.354222155,1.466559165,0.863422292
18-Jun-24,2.7654,0.339302337,1.459715503,0.864992151
19-Jun-24,2.7627,0.365163355,1.460828918,0.86122449
20-Jun-24,2.7439,0.365163355,1.460828918,0.866562009
21-Jun-24,2.7611,0.365163355,1.460828918,0.866562009
22-Jun-24,2.7611,0.357703446,1.486504646,0.864992151
23-Jun-24,2.7706,0.365660682,1.541666667,0.886342229
24-Jun-24,2.8226,0.382072482,1.605054519,0.919937206
25-Jun-24,2.8292,0.382072482,1.605054519,0.913657771
26-Jun-24,2.8292,0.402960227,1.572621516,0.901098901
27-Jun-24,2.8159,0.402960227,1.572621516,0.921507064
28-Jun-24,2.8341,0.402960227,1.572621516,0.921507064
29-Jun-24,2.8341,0.404452209,1.598460416,0.941915228
30-Jun-24,2.8615,0.330847773,1.673846272,0.948194663
1-Jul-24,2.8581,0.3805805,1.645953313,0.943485086
2-Jul-24,2.8875,0.409425482,1.653382477,0.924646782
3-Jul-24,2.8454,0.420366682,1.599314674,0.911459969
4-Jul-24,2.8602,0.420366682,1.599314674,0.932496075
5-Jul-24,2.8112,0.420366682,1.599314674,0.932496075
6-Jul-24,2.8112,0.532762645,1.465964064,0.893249608
7-Jul-24,2.8694,0.509388263,1.511335714,0.887912088
8-Jul-24,2.8647,0.507398954,1.49260923,0.875981162
9-Jul-24,2.8458,0.511377572,1.46892997,0.856200942
10-Jul-24,2.838,0.505906972,1.471598326,0.838304553
11-Jul-24,2.8897,0.505906972,1.471598326,0.830455259
12-Jul-24,2.8559,0.505906972,1.471598326,0.830455259
13-Jul-24,2.8559,0.500933699,1.447871074,0.825117739
14-Jul-24,2.8595,0.516350845,1.479411426,0.824175824
15-Jul-24,2.8595,0.516350845,1.479411426,0.832025118
16-Jul-24,2.8595,0.516350845,1.479411426,0.832025118
17-Jul-24,2.8855,0.513864208,1.51225716,0.80533752
18-Jul-24,2.8823,0.513864208,1.51225716,0.797488226
19-Jul-24,2.8823,0.513864208,1.51225716,0.797488226
20-Jul-24,2.9165,0.496457754,1.479737772,0.817896389
21-Jul-24,2.8949,0.486013881,1.505979805,0.808477237
22-Jul-24,2.8952,0.492479136,1.502476388,0.811616955
23-Jul-24,2.8929,0.506901627,1.532461798,0.830455259
24-Jul-24,2.9083,0.496457754,1.541791446,0.832967033
25-Jul-24,2.9016,0.496457754,1.541791446,0.843642072
26-Jul-24,2.9016,0.496457754,1.541791446,0.843642072
27-Jul-24,2.9133,0.493971118,1.551840974,0.843642072
28-Jul-24,2.9133,0.493971118,1.551840974,0.85400314
29-Jul-24,2.9026,0.473083372,1.597625355,0.860282575
30-Jul-24,2.9328,0.4626395,1.617244491,0.874411303
31-Jul-24,2.9592,0.436281154,1.677829609,0.893249608
1-Aug-24,2.9156,0.436281154,1.677829609,0.918367347
2-Aug-24,2.9181,0.436281154,1.677829609,0.918367347
3-Aug-24,2.9181,0.387045755,1.739595331,0.94411303
4-Aug-24,2.9863,0.402960227,1.69134416,0.921507064
5-Aug-24,2.9795,0.388537737,1.696949628,0.935635793
6-Aug-24,2.995,0.387045755,1.712115104,0.926216641
7-Aug-24,2.995,0.387045755,1.712115104,0.946624804
8-Aug-24,2.998,0.387045755,1.712115104,0.927786499
9-Aug-24,2.998,0.387045755,1.712115104,0.927786499
10-Aug-24,2.9856,0.406441518,1.64639484,0.891679749
11-Aug-24,2.9347,0.392019027,1.597721339,0.875981162
12-Aug-24,2.9438,0.387543082,1.634473624,0.891679749
13-Aug-24,2.9434,0.378093864,1.617762804,0.880062794
14-Aug-24,2.9656,0.404949536,1.608490747,0.858712716
15-Aug-24,2.9694,0.404949536,1.608490747,0.852433281
16-Aug-24,2.9694,0.404949536,1.608490747,0.852433281
17-Aug-24,2.9614,0.432302536,1.603077248,0.821036107
18-Aug-24,2.9264,0.443741063,1.59753897,0.8288854
19-Aug-24,2.9763,0.420366682,1.646721186,0.839246468
20-Aug-24,2.9921,0.416885391,1.652912155,0.835164835
21-Aug-24,3.0078,0.424842627,1.643476925,0.838304553
22-Aug-24,2.9908,0.424842627,1.643476925,0.850863422
23-Aug-24,2.9908,0.424842627,1.643476925,0.850863422
24-Aug-24,3.0183,0.453190282,1.650416571,0.844583987
25-Aug-24,3.0183,0.453190282,1.650416571,0.868131868
26-Aug-24,3.0505,0.451200973,1.686544959,0.874411303
27-Aug-24,3.0411,0.454682263,1.670841972,0.861852433
28-Aug-24,3.0424,0.473083372,1.676437841,0.880690738
29-Aug-24,3.0275,0.473083372,1.676437841,0.880690738
30-Aug-24,3.0275,0.473083372,1.676437841,0.880690738
31-Aug-24,3.0665,0.501431027,1.685489135,0.879120879
1-Sep-24,3.0727,0.491484481,1.694943561,0.897017268
2-Sep-24,3.0727,0.491484481,1.694943561,0.893249608
3-Sep-24,3.0983,0.489495172,1.704772326,0.89010989
4-Sep-24,3.0983,0.489495172,1.704772326,0.886970173
5-Sep-24,3.1026,0.489495172,1.704772326,0.883830455
6-Sep-24,3.1026,0.489495172,1.704772326,0.883830455
7-Sep-24,3.0961,0.479548627,1.685028411,0.874411303
8-Sep-24,3.1014,0.458163554,1.67331836,0.879120879
9-Sep-24,3.1192,0.476067336,1.681179452,0.879120879
10-Sep-24,3.149,0.458660882,1.685748291,0.875981162
11-Sep-24,3.1597,0.451200973,1.699675574,0.878178964
12-Sep-24,3.1597,0.451200973,1.699675574,0.872841444
13-Sep-24,3.1597,0.451200973,1.699675574,0.872841444
14-Sep-24,3.1613,0.442746409,1.729795362,0.867189953
15-Sep-24,3.1769,0.429318573,1.714274745,0.861852433
16-Sep-24,3.2044,0.433794518,1.721252784,0.864992151
17-Sep-24,3.2315,0.461147518,1.74074714,0.878492936
18-Sep-24,3.2243,0.468607427,1.761614067,0.868131868
19-Sep-24,3.2382,0.468607427,1.761614067,0.865620094
20-Sep-24,3.2382,0.468607427,1.761614067,0.865620094
21-Sep-24,3.2382,0.468607427,1.761614067,0.867503925
22-Sep-24,3.2882,0.469104754,1.801840974,0.869073783
23-Sep-24,3.3225,0.478553972,1.822755893,0.888540031
24-Sep-24,3.3695,0.519832136,1.870248791,0.90266876
25-Sep-24,3.3529,0.514858863,1.843104507,0.891051805
26-Sep-24,3.3601,0.514858863,1.843104507,0.903610675
27-Sep-24,3.3601,0.514858863,1.843104507,0.903610675
28-Sep-24,3.2645,0.499939045,1.961030485,0.918367347
29-Sep-24,3.3014,0.487505863,1.893140981,0.912087912
30-Sep-24,3.2557,0.486511209,1.912241803,0.923076923
1-Oct-24,3.2482,0.482035263,1.950645013,0.974882261
2-Oct-24,3.3841,0.476067336,1.990017661,0.975510204
3-Oct-24,3.3815,0.476067336,1.990017661,0.996860283
4-Oct-24,3.3815,0.476067336,1.990017661,0.996860283
5-Oct-24,3.3765,0.467612772,2.005307917,0.974882261
6-Oct-24,3.4631,0.459158209,2.111091914,1.006279435
7-Oct-24,3.4117,0.463136827,2.056937726,0.984301413
8-Oct-24,3.3664,0.475072681,2.010750211,0.974882261
9-Oct-24,3.3761,0.477559318,2.014647163,0.990580848
10-Oct-24,3.5032,0.477559318,2.014647163,1.010989011
11-Oct-24,3.5032,0.477559318,2.014647163,1.010989011
12-Oct-24,3.5516,0.477559318,2.018774476,0.967032967
13-Oct-24,3.5234,0.477559318,2.048932658,0.983673469
14-Oct-24,3.4858,0.477559318,2.104392229,0.990580848
15-Oct-24,3.4853,0.477559318,2.088996391,0.978963893
16-Oct-24,3.447,0.477559318,2.139205636,0.996860283
17-Oct-24,3.4104,0.477559318,2.139205636,1.006279435
18-Oct-24,3.4104,0.477559318,2.139205636,1.006279435
19-Oct-24,3.4315,0.477559318,2.215973662,1.006279435
20-Oct-24,3.5595,0.477559318,2.273304922,1.018838305
21-Oct-24,3.5451,0.477559318,2.274495124,1.037048666
22-Oct-24,3.531,0.477559318,2.29459418,1.08477237
23-Oct-24,3.5353,0.477559318,2.371861322,1.142857143
24-Oct-24,3.5172,0.477559318,2.371861322,1.144427002
25-Oct-24,3.5172,0.477559318,2.371861322,1.144427002
26-Oct-24,3.3166,0.477559318,2.090234585,1.062794349
27-Oct-24,3.4382,0.477559318,2.147796207,1.08477237
28-Oct-24,3.4923,0.477559318,2.24194694,1.121507064
29-Oct-24,3.558,0.477559318,2.345801659,1.153846154
30-Oct-24,3.6022,0.477559318,2.365305613,1.16577708
31-Oct-24,3.6453,0.477559318,2.365305613,1.14599686
1-Nov-24,3.6453,0.477559318,2.365305613,1.14599686
2-Nov-24,3.5403,0.457666227,2.319521232,1.184615385
3-Nov-24,3.611,0.435783827,2.393736082,1.185243328
4-Nov-24,3.5325,0.425837282,2.316555325,1.169544741
5-Nov-24,3.5155,0.445730373,2.277288259,1.164835165
6-Nov-24,3.5867,0.422853318,2.354593796,1.191522763
7-Nov-24,3.6529,0.422853318,2.354593796,1.178963893
8-Nov-24,3.6529,0.422853318,2.354593796,1.178963893
9-Nov-24,3.5739,0.465126136,2.272076326,1.175824176
10-Nov-24,3.5454,0.465126136,2.174844506,1.145054945
11-Nov-24,3.5018,0.465126136,2.049854104,1.103610675
12-Nov-24,3.5229,0.465126136,2.093718805,1.136577708
13-Nov-24,3.5683,0.465126136,2.161694694,1.14599686
14-Nov-24,3.6258,0.465126136,2.161694694,1.152276295
15-Nov-24,3.6258,0.465126136,2.161694694,1.152276295
16-Nov-24,3.561,0.465126136,2.125115181,1.146938776
17-Nov-24,3.5606,0.465126136,2.129540045,1.147566719
18-Nov-24,3.5515,0.465126136,2.144859095,1.150706436
19-Nov-24,3.5626,0.465126136,2.212345466,1.1711146
20-Nov-24,3.6204,0.465126136,2.277844967,1.172056515
21-Nov-24,3.5814,0.465126136,2.277844967,1.17833595
22-Nov-24,3.5814,0.465126136,2.277844967,1.17833595
23-Nov-24,3.5912,0.465126136,2.355534439,1.204081633
24-Nov-24,3.6308,0.465126136,2.307628811,1.163265306
25-Nov-24,3.5592,0.465126136,2.240775935,1.177394035
26-Nov-24,3.578,0.465126136,2.238366736,1.184615385
27-Nov-24,3.6017,0.465126136,2.258744145,1.196232339
28-Nov-24,3.5823,0.465126136,2.258744145,1.204081633
29-Nov-24,3.5823,0.465126136,2.258744145,1.204081633
30-Nov-24,3.6479,0.465126136,2.332584658,1.218838305
1-Dec-24,3.6206,0.672511607,2.291618675,1.205651491
2-Dec-24,3.6456,0.721747007,2.307235276,1.224489796
3-Dec-24,3.6598,0.731693553,2.324838747,1.2433281
4-Dec-24,3.6465,0.724233644,2.343344467,1.252747253
5-Dec-24,3.6465,0.724233644,2.343344467,1.246467818
6-Dec-24,3.6465,0.724233644,2.343344467,1.246467818
7-Dec-24,3.6572,0.702351244,2.325357061,1.254317111
8-Dec-24,3.6704,0.691907371,2.358193197,1.265934066
9-Dec-24,3.6619,0.742634752,2.367657222,1.26844584
10-Dec-24,3.6825,0.742634752,2.401424403,1.282574568
11-Dec-24,3.7052,0.742634752,2.48671581,1.309262166
12-Dec-24,3.7353,0.742634752,2.48671581,1.302982732
13-Dec-24,3.7353,0.742634752,2.48671581,1.302982732
14-Dec-24,3.7026,0.742634752,2.525752515,1.359497645
15-Dec-24,3.7369,0.742634752,2.521769178,1.351648352
16-Dec-24,3.6909,0.742634752,2.555171619,1.395604396
17-Dec-24,3.7238,0.742634752,2.586020886,1.412872841
18-Dec-24,3.7238,0.742634752,2.563656608,1.42700157
19-Dec-24,3.8211,0.742634752,2.563656608,1.419152276
20-Dec-24,3.8211,0.742634752,2.563656608,1.419152276
21-Dec-24,3.7294,0.742634752,2.47926745,1.395604396
22-Dec-24,3.6894,0.742634752,2.442083237,1.39811617
23-Dec-24,3.6979,0.742634752,2.549431775,1.456828885
24-Dec-24,3.6773,0.742634752,2.576096138,1.475039246
25-Dec-24,3.6244,0.742634752,2.55865584,1.47566719
26-Dec-24,3.5082,0.742634752,2.55865584,1.503924647
27-Dec-24,3.5082,0.742634752,2.55865584,1.503924647
28-Dec-24,3.6999,0.742634752,2.645751747,1.565149137
29-Dec-24,3.7747,0.742634752,2.582555863,1.513343799
30-Dec-24,3.7085,0.742634752,2.557196882,1.576138148
31-Dec-24,3.7753,0.742634752,2.589869846,1.562009419
1-Jan-25,3.8301,0.895314224,2.58215273,1.565149137
2-Jan-25,3.8923,0.895314224,2.58215273,1.538461538
3-Jan-25,3.8923,0.895314224,2.58215273,1.538461538
4-Jan-25,3.9761,0.952009533,2.542636105,1.522762951
5-Jan-25,3.9521,0.954496169,2.535888428,1.505494505
6-Jan-25,3.9292,0.93062446,2.525090225,1.518053375
7-Jan-25,3.8073,0.969913315,2.574627582,1.521193093
8-Jan-25,3.7353,0.977373224,2.624251325,1.535321821
9-Jan-25,3.5874,0.977373224,2.624251325,1.568288854
10-Jan-25,3.5874,0.977373224,2.624251325,1.568288854
11-Jan-25,3.6694,0.95797746,2.721905475,1.579277865
12-Jan-25,3.8233,0.92167257,2.699080473,1.544740973
13-Jan-25,3.8061,0.940073678,2.732281348,1.56043956
14-Jan-25,3.8061,0.940073678,2.732281348,1.566718995
15-Jan-25,3.7957,0.937089715,2.705712969,1.535321821
16-Jan-25,3.8597,0.937089715,2.705712969,1.528414443
17-Jan-25,3.8597,0.937089715,2.705712969,1.528414443
18-Jan-25,3.7639,0.893822242,2.690461107,1.544740973
19-Jan-25,3.7942,0.89431957,2.717816555,1.544740973
20-Jan-25,3.8207,0.876913115,2.737368502,1.554160126
21-Jan-25,3.7786,0.882383715,2.807004914,1.599686028
22-Jan-25,3.8461,0.929132479,2.906876296,1.602825746
23-Jan-25,3.7843,0.929132479,2.906876296,1.638932496
24-Jan-25,3.7843,0.929132479,2.906876296,1.638932496
25-Jan-25,4.0285,0.940073678,2.970388927,1.637362637
26-Jan-25,4.0199,0.909239388,2.983346771,1.645211931
27-Jan-25,4.0193,0.902774133,2.961443216,1.648351648
28-Jan-25,4.0193,0.902774133,2.961443216,1.651491366
29-Jan-25,4.1531,0.900287497,2.939654841,1.626373626
30-Jan-25,4.1125,0.900287497,2.939654841,1.635792779
31-Jan-25,4.1125,0.900287497,2.939654841,1.635792779
1-Feb-25,4.0966,0.870945188,3.014791139,1.646153846
2-Feb-25,4.0523,0.885367679,3.068494203,1.649921507
3-Feb-25,4.093,0.906752751,3.078697305,1.644270016
4-Feb-25,4.0482,0.931121788,3.087518237,1.667189953
5-Feb-25,4.1714,0.915704642,3.227261384,1.692307692
6-Feb-25,4.1118,0.915704642,3.227261384,1.703296703
7-Feb-25,4.1118,0.915704642,3.227261384,1.703296703
8-Feb-25,4.1118,0.915704642,3.227261384,1.814756672
9-Feb-25,4.3285,0.962950733,3.628973739,1.91522763
10-Feb-25,4.3285,0.962950733,3.628973739,1.894819466
11-Feb-25,4.0139,0.962950733,3.540284497,1.80533752
12-Feb-25,4.0139,0.962950733,3.540284497,1.800627943
13-Feb-25,3.9852,0.962950733,3.540284497,1.827315542
14-Feb-25,3.9852,0.962950733,3.540284497,1.827315542
15-Feb-25,4.0586,0.962950733,3.625278354,1.868131868
16-Feb-25,3.9826,0.928866348,3.61604469,1.866562009
17-Feb-25,4.0751,0.959852152,3.679480534,1.871271586
18-Feb-25,4.0831,0.979992926,3.779159948,1.90266876
19-Feb-25,4.0837,0.995485828,3.997072487,1.912087912
20-Feb-25,3.8719,0.995485828,3.997072487,1.954474097
21-Feb-25,3.8719,0.995485828,3.997072487,1.954474097
22-Feb-25,4.1225,0.989288667,4.182254473,1.941915228
23-Feb-25,3.9807,1.028020923,3.95649044,1.927158556
24-Feb-25,3.9996,1.080696791,3.983039622,1.89010989
25-Feb-25,3.8949,1.100837564,3.831231283,1.91522763
26-Feb-25,3.9471,1.079147501,3.950875374,1.926216641
27-Feb-25,4.0068,1.079147501,3.950875374,1.919937206
28-Feb-25,4.0068,1.079147501,3.950875374,1.919937206
1-Mar-25,3.9552,1.086893952,3.742801198,1.910518053
2-Mar-25,3.8959,1.105485435,3.68972203,1.908948195
3-Mar-25,3.9036,1.069851759,3.585416187,1.868131868
4-Mar-25,3.8946,1.063654598,3.656809107,1.858712716
5-Mar-25,3.9642,1.048161696,3.556275436,1.794348509
6-Mar-25,3.9533,1.048161696,3.556275436,1.81255887
7-Mar-25,3.9533,1.048161696,3.556275436,1.81255887
8-Mar-25,3.9249,1.021823762,3.744912847,1.883830455
9-Mar-25,3.8612,0.998584408,3.888188205,1.910518053
10-Mar-25,3.8798,1.00942944,3.866015895,1.920565149
11-Mar-25,3.8793,0.986190086,3.80775359,1.927158556
12-Mar-25,3.8737,0.975345055,3.78798088,1.927786499
13-Mar-25,3.843,0.975345055,3.78798088,1.916797488
14-Mar-25,3.843,0.975345055,3.78798088,1.916797488
15-Mar-25,3.9093,1.034218084,3.790591646,1.886028257
16-Mar-25,3.8179,1.028020923,3.940720264,1.949764521
17-Mar-25,3.8177,1.017175891,4.209168394,2.001569859
18-Mar-25,3.8752,0.986190086,4.557465638,2.095761381
19-Mar-25,3.8752,0.986190086,4.557465638,2.089481947
20-Mar-25,3.8752,0.986190086,4.557465638,2.08477237
21-Mar-25,3.8752,0.986190086,4.557465638,2.08477237
22-Mar-25,3.8752,0.986190086,4.557465638,2.08477237
23-Mar-25,3.8752,0.986190086,4.557465638,2.08477237
24-Mar-25,3.8752,0.986190086,4.557465638,2.08477237
25-Mar-25,3.8075,1.041964535,4.474237887,2.221350078
26-Mar-25,3.824,1.057457437,4.68900215,2.218210361
27-Mar-25,3.673,1.057457437,4.68900215,2.237048666
28-Mar-25,3.673,1.057457437,4.68900215,2.237048666
29-Mar-25,3.834,1.088443242,5.046341089,2.288854003
30-Mar-25,3.8291,1.134921949,4.890818168,2.25588697
31-Mar-25,3.8291,1.134921949,4.890818168,2.25588697
1-Apr-25,3.8291,1.134921949,4.890818168,2.25588697
2-Apr-25,3.8291,1.134921949,4.890818168,2.25588697
3-Apr-25,3.8291,1.134921949,4.890818168,2.296703297
4-Apr-25,3.8291,1.134921949,4.890818168,2.296703297
5-Apr-25,3.7159,1.114781176,4.574925132,2.227629513
6-Apr-25,3.7474,1.055908147,4.678088766,2.282574568
7-Apr-25,3.6933,1.046612406,4.812571988,2.321821036
8-Apr-25,3.6185,1.107034725,4.242791599,2.136577708
9-Apr-25,3.8119,1.093091113,4.154332719,2.136577708
10-Apr-25,4.051,1.093091113,4.154332719,2.156985871
11-Apr-25,4.051,1.093091113,4.154332719,2.156985871
12-Apr-25,4.1301,1.119429047,3.904457498,1.973312402
13-Apr-25,4.0684,1.182949947,3.439453275,1.668759812
14-Apr-25,4.2895,1.196893559,3.539507026,1.810047096
15-Apr-25,4.5545,1.20154143,3.680977885,1.764521193
16-Apr-25,4.5596,1.226330073,3.580818552,1.762951334
17-Apr-25,4.7205,1.226330073,3.580818552,1.678178964
18-Apr-25,4.7205,1.226330073,3.580818552,1.678178964
19-Apr-25,4.699,1.280555232,3.386210935,1.665620094
20-Apr-25,4.5826,1.348724002,3.076067342,1.665620094
21-Apr-25,4.5992,1.415343483,3.233385165,1.665620094
22-Apr-25,4.6316,1.362667614,3.129923981,1.665620094
23-Apr-25,4.5148,1.311541037,3.137948245,1.665620094
24-Apr-25,4.5148,1.311541037,3.137948245,1.665620094
25-Apr-25,4.5148,1.311541037,3.137948245,1.665620094
26-Apr-25,4.4785,1.347174712,3.137948245,1.665620094
27-Apr-25,4.5191,1.347174712,3.137948245,1.605965463
28-Apr-25,4.5011,1.347174712,3.137948245,1.605965463
29-Apr-25,4.5444,1.317738198,3.300334024,1.542700157
30-Apr-25,4.6134,1.340977551,3.372734777,1.574097331
1-May-25,4.6752,1.340977551,3.372734777,1.574097331
2-May-25,4.6752,1.340977551,3.372734777,1.574097331
3-May-25,4.799,1.27125949,3.662452968,1.668759812
4-May-25,4.7412,1.221682203,3.752793135,1.747252747
5-May-25,4.7269,1.251118717,3.680747524,1.653061224
6-May-25,4.7131,1.272808781,3.527614605,1.605965463
7-May-25,4.7334,1.272808781,3.522767412,1.543171115
8-May-25,4.7096,1.272808781,3.554058205,1.558869702
9-May-25,4.7096,1.272808781,3.554058205,1.558869702
10-May-25,4.6551,1.322386068,3.651693158,1.558869702
11-May-25,4.8934,1.26816091,3.690259541,1.590266876
12-May-25,4.791,1.252668008,3.526434001,1.590266876
13-May-25,4.7767,1.319287488,3.563925363,1.574568289
14-May-25,4.7759,1.339428261,3.515990939,1.558869702
15-May-25,4.8656,1.365766195,3.515990939,1.543171115
16-May-25,4.8656,1.365766195,3.515990939,1.543171115
17-May-25,4.8793,1.368864775,3.407759349,1.543171115
18-May-25,4.9392,1.379709807,3.299345389,1.543171115
19-May-25,4.9141,1.365766195,3.36274284,1.574568289
20-May-25,4.9955,1.316188907,3.597347001,1.590266876
21-May-25,4.8926,1.265062329,3.590081011,1.574568289
22-May-25,4.919,1.292949554,3.542597712,1.558869702
23-May-25,4.919,1.292949554,3.542597712,1.574568289
24-May-25,4.879,1.252668008,3.521625202,1.574568289
25-May-25,4.8377,1.254217298,3.458909238,1.574568289
26-May-25,4.8165,1.291400263,3.474669815,1.605965463
27-May-25,4.8572,1.277456651,3.488587499,1.574568289
28-May-25,4.8691,1.277456651,3.488587499,1.558869702
29-May-25,4.8653,1.277456651,3.488587499,1.558869702
30-May-25,4.8653,1.291400263,3.488587499,1.574568289
31-May-25,4.9671,1.291400263,3.488587499,1.574568289
1-Jun-25,4.9317,1.277456651,3.43852223,1.590266876
2-Jun-25,4.8227,1.279005942,3.497206865,1.590266876
3-Jun-25,4.8616,1.254217298,3.557302465,1.605965463
4-Jun-25,4.8616,1.274358071,3.557302465,1.605965463
5-Jun-25,4.8616,1.261963749,3.557302465,1.605965463
6-Jun-25,4.8616,1.261963749,3.557302465,1.590266876
7-Jun-25,4.9566,1.20154143,3.572765492,1.590266876
8-Jun-25,4.9517,1.199992139,3.567016049,1.574568289
9-Jun-25,4.9942,1.182949947,3.630960608,1.59010989
10-Jun-25,4.9586,1.182949947,3.534429471,1.571742543
11-Jun-25,4.9667,1.173654205,3.582911004,1.597802198
12-Jun-25,4.9732,1.173654205,3.582911004,1.622762951
13-Jun-25,4.9732,1.173654205,3.582911004,1.622762951
14-Jun-25,4.9732,1.173654205,3.582911004,1.622762951
15-Jun-25,4.9732,1.173654205,3.582911004,1.622762951
16-Jun-25,4.9732,1.173654205,3.582911004,1.622762951
17-Jun-25,4.9732,1.173654205,3.582911004,1.622762951
18-Jun-25,4.9732,1.173654205,3.582911004,1.622762951
19-Jun-25,4.9732,1.173654205,3.582911004,1.622762951
20-Jun-25,4.9732,1.173654205,3.582911004,1.622762951
21-Jun-25,4.9732,1.173654205,3.582911004,1.622762951
22-Jun-25,4.9732,1.173654205,3.582911004,1.622762951
23-Jun-25,4.9732,1.173654205,3.582911004,1.622762951
24-Jun-25,4.9732,1.173654205,3.582911004,1.622762951
25-Jun-25,4.9732,1.173654205,3.582911004,1.60188383
26-Jun-25,4.9732,1.173654205,3.582911004,1.627315542
27-Jun-25,4.9732,1.173654205,3.582911004,1.627315542
28-Jun-25,4.5934,1.108584015,3.671408278,1.655259027
29-Jun-25,4.7487,1.046612406,3.89549259,1.766718995
30-Jun-25,4.8947,0.986190086,4.235170468,1.847566719
1-Jul-25,4.6826,0.927317057,4.297387315,1.879748823
2-Jul-25,4.6998,0.869993319,4.125460723,1.869387755
3-Jul-25,4.6998,0.826613192,4.125460723,1.875981162
4-Jul-25,4.6998,0.775486614,4.125460723,1.875981162
5-Jul-25,4.6998,0.775486614,4.125460723,1.875981162
6-Jul-25,4.6998,0.775486614,4.125460723,1.875981162
7-Jul-25,4.7806,0.775486614,3.990411196,1.774568289
8-Jul-25,4.7853,0.775486614,3.914718191,1.732810047
9-Jul-25,4.7853,0.724360036,3.954551563,1.757613815
10-Jul-25,4.7853,0.724360036,3.954551563,1.771899529
11-Jul-25,4.8288,0.724360036,3.954551563,1.771899529
12-Jul-25,4.9146,0.767740163,3.925046072,1.734379906
13-Jul-25,4.8341,0.781683775,4.001065423,1.791208791
14-Jul-25,4.978,0.81266958,4.137055594,1.77833595
15-Jul-25,5.2069,0.845204675,4.071460109,1.77833595
16-Jul-25,5.249,0.896331253,4.060469938,1.77833595
17-Jul-25,5.249,0.896331253,4.060469938,1.77833595
18-Jul-25,5.249,0.896331253,4.060469938,1.77833595
19-Jul-25,5.1997,0.94126067,4.024130385,1.77833595
20-Jul-25,5.1425,0.936612799,3.969246717,1.77833595
21-Jul-25,5.1802,0.983091506,4.027307456,1.77833595
22-Jul-25,5.1996,0.995485828,4.090138601,1.77833595
23-Jul-25,5.2038,0.989288667,4.095686478,1.77833595
24-Jul-25,5.2038,0.989288667,4.095686478,1.77833595
25-Jul-25,5.2038,0.989288667,4.095686478,1.77833595
26-Jul-25,5.1773,1.040415245,4.01490632,1.77833595
27-Jul-25,5.1466,1.029570213,3.990276818,1.77833595
28-Jul-25,5.1639,0.993936538,4.077430316,1.77833595
29-Jul-25,5.1652,0.94590854,4.093546034,1.77833595
30-Jul-25,5.1764,0.897880543,4.100802426,1.825745683
31-Jul-25,5.1764,0.897880543,4.100802426,1.825745683
1-Aug-25,5.1764,0.897880543,4.100802426,1.897959184
2-Aug-25,5.2063,0.873091899,4.263255394,1.935635793
3-Aug-25,5.3245,0.846753965,4.373790601,1.935635793
4-Aug-25,5.3636,0.854500416,4.39645243,1.935635793
5-Aug-25,5.4747,0.904077704,4.397364279,1.935635793
6-Aug-25,5.4808,0.849852545,4.350245719,1.935635793
7-Aug-25,5.4808,0.849852545,4.350245719,1.935635793
8-Aug-25,5.4808,0.849852545,4.350245719,1.935635793
9-Aug-25,5.4808,0.849852545,4.350245719,1.935635793
10-Aug-25,5.4071,,,
11-Aug-25,5.488,,,
12-Aug-25,5.4529,,,
13-Aug-25,5.516,,,
14-Aug-25,5.516,,,
15-Aug-25,5.516,,,
16-Aug-25,5.4544,,,
17-Aug-25,5.5394,,,
18-Aug-25,5.5498,,,
19-Aug-25,5.5708,,,
20-Aug-25,5.5806,,,
21-Aug-25,5.5904,,,
22-Aug-25,5.5904,,,
23-Aug-25,5.6003,,,
24-Aug-25,5.6003,,,
25-Aug-25,5.6101,,,
26-Aug-25,5.6199,,,
27-Aug-25,5.6298,,,
28-Aug-25,5.6396,,,
29-Aug-25,5.6396,,,
30-Aug-25,5.6494,,,
31-Aug-25,5.6593,,,
1-Sep-25,5.6593,,,
2-Sep-25,5.6691,,,
3-Sep-25,5.6789,,,
4-Sep-25,5.6888,,,
5-Sep-25,5.6888,,,
6-Sep-25,5.6986,,,
7-Sep-25,5.7084,,,
8-Sep-25,5.7183,,,
9-Sep-25,5.7281,,,
10-Sep-25,5.7281,,,
11-Sep-25,5.7379,,,
12-Sep-25,5.7379,,,
13-Sep-25,5.7478,,,
14-Sep-25,5.7576,,,
15-Sep-25,5.7674,,,
16-Sep-25,5.7772,,,
17-Sep-25,5.7871,,,
18-Sep-25,5.7969,,,
19-Sep-25,5.7969,,,
20-Sep-25,5.8067,,,
21-Sep-25,5.8166,,,
22-Sep-25,5.8264,,,
23-Sep-25,5.8362,,,
24-Sep-25,5.8461,,,
25-Sep-25,5.8559,,,
26-Sep-25,5.8559,,,
27-Sep-25,5.8657,,,
28-Sep-25,5.8756,,,
29-Sep-25,5.8854,,,
30-Sep-25,5.8952,,,
1-Oct-25,5.9051,,,
2-Oct-25,5.9149,,,
3-Oct-25,5.9149,,,
4-Oct-25,5.9247,,,
5-Oct-25,5.9346,,,
6-Oct-25,5.9444,,,
7-Oct-25,5.9542,,,
8-Oct-25,5.9641,,,
9-Oct-25,5.9739,,,
10-Oct-25,5.9739,,,
11-Oct-25,5.9837,,,
12-Oct-25,5.9936,,,
13-Oct-25,6.0034,,,
