Date,Fund,Dollar,Firouzen,Gold
10/17/2020, -   ,0,0,0
10/18/2020,0.01,0,0,0
10/19/2020,0.02,-0.029827316,0,-0.078706903
10/20/2020,-0.01,-0.135133438,0,-0.149111188
10/21/2020,-0.02,-0.095604396,0,-0.129098518
10/22/2020, -   ,-0.077708006,0,-0.129098518
10/23/2020, -   ,-0.077708006,0,-0.129098518
10/24/2020,-0.01,-0.089513344,0,-0.105668817
10/25/2020,-0.01,-0.089513344,0,-0.105668817
10/26/2020,-0.05,-0.121350079,0,-0.161310758
10/27/2020,-0.03,-0.113594977,0,-0.145838133
10/28/2020, -   ,-0.125745683,0,-0.150790908
10/29/2020,-0.02,-0.128728414,0,-0.150790908
10/30/2020,-0.02,-0.128728414,0,-0.150790908
10/31/2020,-0.01,-0.156295133,0,-0.204589956
11/1/2020,-0.01,-0.145902669,0,-0.17590033
11/2/2020,-0.01,-0.113343799,-0.023267974,-0.096377563
11/3/2020,-0.01,-0.113343799,-0.023267974,-0.096377563
11/4/2020,-0.01,-0.091522763,0.031830065,-0.006018199
11/5/2020,-0.01,-0.172527473,0.031830065,-0.006018199
11/6/2020,-0.01,-0.172527473,0.031830065,-0.006018199
11/7/2020,-0.01,-0.230863422,-0.052941176,-0.10540966
11/8/2020,-0.01,-0.262166405,-0.139281046,-0.155849267
11/9/2020,-0.01,-0.221255887,-0.110457516,-0.091069646
11/10/2020,-0.01,-0.149042386,-0.110457516,-0.10889388
11/11/2020,-0.01,-0.15233909,-0.110457516,-0.139810336
11/12/2020,-0.01,-0.156828885,-0.110457516,-0.139810336
11/13/2020,-0.01,-0.156828885,-0.110457516,-0.139810336
11/14/2020,-0.01,-0.16021978,-0.110457516,-0.146653997
11/15/2020,-0.01,-0.183485086,-0.110457516,-0.179499731
11/16/2020,-0.01,-0.186718995,-0.110457516,-0.164910159
11/17/2020,-0.01,-0.186907378,-0.110457516,-0.168643938
11/18/2020,-0.01,-0.195510204,-0.110457516,-0.198207018
11/19/2020,-0.01,-0.195604396,-0.110457516,-0.198207018
11/20/2020,-0.01,-0.195604396,-0.110457516,-0.198207018
11/21/2020,-0.01,-0.185117739,-0.110457516,-0.177253705
11/22/2020, -   ,-0.201067504,-0.110457516,-0.199186055
11/23/2020,-0.0033,-0.197739404,-0.110457516,-0.189741227
11/24/2020,-0.0172,-0.213594977,-0.110457516,-0.225754435
11/25/2020,-0.018,-0.213312402,-0.110457516,-0.242196499
11/26/2020,-0.0142,-0.213312402,-0.110457516,-0.242196499
11/27/2020,-0.0142,-0.213312402,-0.110457516,-0.242196499
11/28/2020,-0.0138,-0.222731554,-0.110457516,-0.252543577
11/29/2020,-0.0143,-0.228979592,-0.110457516,-0.253887353
11/30/2020,-0.0046,-0.214850863,-0.110457516,-0.196949628
12/1/2020,0.005,-0.195572998,-0.110457516,-0.158738386
12/2/2020,-0.0043,-0.195604396,-0.123666388,-0.188829379
12/3/2020,-0.0016,-0.20043956,-0.123666388,-0.188829379
12/4/2020,-0.0016,-0.20043956,-0.123666388,-0.188829379
12/5/2020,-0.005,-0.198288854,-0.11423148,-0.184836443
12/6/2020,-0.0087,-0.196138148,-0.087523432,-0.171177916
12/7/2020,-0.0035,-0.196263736,-0.088926572,-0.161339553
12/8/2020,-0.0094,-0.196389325,-0.095700352,-0.138716118
12/9/2020,-0.004,-0.184427002,-0.093039225,-0.113184366
12/10/2020,-0.0012,-0.181632653,-0.093039225,-0.113184366
12/11/2020,-0.0012,-0.181632653,-0.093039225,-0.113184366
12/12/2020,-0.0007,-0.183830455,-0.093039225,-0.14435038
12/13/2020,-0.0036,-0.189858713,-0.093039225,-0.173721493
12/14/2020,-0.0067,-0.193029827,-0.093039225,-0.197256777
12/15/2020,-0.0083,-0.188288854,-0.093039225,-0.165869999
12/16/2020,-0.0058,-0.190141287,-0.093039225,-0.181582585
12/17/2020,-0.0091,-0.18989011,-0.093039225,-0.181582585
12/18/2020,-0.0091,-0.18989011,-0.093039225,-0.181582585
12/19/2020,0.0041,-0.199403454,-0.093039225,-0.190365123
12/20/2020,0.0076,-0.202543171,-0.093039225,-0.190307533
12/21/2020,0.0053,-0.20100471,-0.093039225,-0.183262305
12/22/2020,0.0086,-0.198587127,-0.093039225,-0.194540429
12/23/2020,0.0195,-0.190612245,-0.093039225,-0.184817246
12/24/2020,0.0257,-0.188006279,-0.093039225,-0.184817246
12/25/2020,0.0257,-0.188006279,-0.093039225,-0.184817246
12/26/2020,0.0208,-0.192684458,-0.093039225,-0.196748061
12/27/2020,0.0277,-0.191868132,-0.093039225,-0.196776856
12/28/2020,0.0252,-0.191742543,-0.093039225,-0.194818782
12/29/2020,0.0184,-0.19299843,-0.093039225,-0.201998388
12/30/2020,0.0427,-0.193186813,-0.093039225,-0.209888275
12/31/2020,0.0389,-0.193061225,-0.093039225,-0.209888275
1/1/2021,0.0389,-0.193061225,-0.093039225,-0.209888275
1/2/2021,0.0401,-0.195761382,-0.093039225,-0.225696844
1/3/2021,0.0394,-0.19733124,-0.07712169,-0.219256316
1/4/2021,0.0408,-0.190989011,-0.062897511,-0.187312831
1/5/2021,0.0352,-0.186687598,-0.055785421,-0.156607541
1/6/2021,0.0474,-0.18844584,-0.093942347,-0.157884128
1/7/2021,0.0529,-0.197676609,-0.093942347,-0.157884128
1/8/2021,0.0529,-0.197676609,-0.093942347,-0.157884128
1/9/2021,0.0517,-0.219215071,-0.127527215,-0.241198265
1/10/2021,0.052,-0.219623234,-0.088636502,-0.232838056
1/11/2021,0.0452,-0.219623234,-0.109859881,-0.239249789
1/12/2021,0.0503,-0.219811617,-0.162128096,-0.238107579
1/13/2021,0.0531,-0.230643642,-0.159080058,-0.256795669
1/14/2021,0.0522,-0.247943485,-0.159080058,-0.256795669
1/15/2021,0.0522,-0.247943485,-0.159080058,-0.256795669
1/16/2021,0.0556,-0.279466248,-0.221508401,-0.323926899
1/17/2021,0.0556,-0.279466248,-0.221508401,-0.323926899
1/18/2021,0.0612,-0.315572998,-0.289976376,-0.348748368
1/19/2021,0.0685,-0.315981162,-0.233023213,-0.298673501
1/20/2021,0.0543,-0.285808477,-0.175505598,-0.272316287
1/21/2021,0.0621,-0.288697017,-0.175505598,-0.272316287
1/22/2021,0.0621,-0.288697017,-0.175505598,-0.272316287
1/23/2021,0.0715,-0.295729984,-0.111609681,-0.287721723
1/24/2021,0.077,-0.295855573,-0.137405118,-0.268217769
1/25/2021,0.0824,-0.295918367,-0.155298232,-0.275310988
1/26/2021,0.0768,-0.280423862,-0.187528417,-0.306227444
1/27/2021,0.0896,-0.264929356,-0.19949479,-0.283805575
1/28/2021,0.0869,-0.271240188,-0.19949479,-0.283805575
1/29/2021,0.0869,-0.271240188,-0.19949479,-0.283805575
1/30/2021,0.0887,-0.255290424,-0.145138104,-0.259348844
1/31/2021,0.0898,-0.249042386,-0.138477576,-0.250758274
2/1/2021,0.0926,-0.250518053,-0.164837464,-0.25270675
2/2/2021,0.0901,-0.250455259,-0.198817448,-0.253090686
2/3/2021,0.0913,-0.253814757,-0.210501595,-0.265405437
2/4/2021,0.0896,-0.254411303,-0.210501595,-0.265405437
2/5/2021,0.0896,-0.254411303,-0.210501595,-0.265405437
2/6/2021,0.0937,-0.254191523,-0.250521211,-0.262372341
2/7/2021,0.0916,-0.255855573,-0.18143234,-0.252322814
2/8/2021,0.0913,-0.256043956,-0.203389506,-0.215896875
2/9/2021,0.0915,-0.243516484,-0.192213365,-0.182254473
2/10/2021,0.0915,-0.243516484,-0.192213365,-0.182254473
2/11/2021,0.0896,-0.224615385,-0.192213365,-0.182254473
2/12/2021,0.0896,-0.224615385,-0.192213365,-0.182254473
2/13/2021,0.0949,-0.21566719,-0.150951955,-0.14958151
2/14/2021,0.0976,-0.215541601,-0.161676535,-0.167559318
2/15/2021,0.1054,-0.215604396,-0.169578857,-0.181179452
2/16/2021,0.1007,-0.215604396,-0.193511603,-0.167213776
2/17/2021,0.108,-0.209764521,-0.208187344,-0.172579283
2/18/2021,0.1079,-0.209701727,-0.208187344,-0.172579283
2/19/2021,0.1079,-0.209701727,-0.208187344,-0.172579283
2/20/2021,0.1092,-0.215321821,-0.231386303,-0.203294172
2/21/2021,0.1117,-0.23833595,-0.258084862,-0.218440452
2/22/2021,0.1172,-0.240596546,-0.275921532,-0.228192429
2/23/2021,0.1091,-0.226216641,-0.246231379,-0.226915841
2/24/2021,0.1017,-0.22100471,-0.238780619,-0.218555632
2/25/2021,0.1017,-0.220690738,-0.238780619,-0.218555632
2/26/2021,0.1017,-0.220690738,-0.238780619,-0.218555632
2/27/2021,0.1225,-0.207598116,-0.260060443,-0.226695078
2/28/2021,0.1201,-0.224301413,-0.287887905,-0.233481149
3/1/2021,0.106,-0.22266876,-0.263842268,-0.228528373
3/2/2021,0.1217,-0.23277865,-0.249335863,-0.242772403
3/3/2021,0.116,-0.225211931,-0.259778217,-0.239077018
3/4/2021,0.1113,-0.225714286,-0.259778217,-0.239077018
3/5/2021,0.1113,-0.225714286,-0.259778217,-0.239077018
3/6/2021,0.1116,-0.237896389,-0.261584462,-0.272287491
3/7/2021,0.1251,-0.24678179,-0.254980379,-0.273996007
3/8/2021,0.1163,-0.236043956,-0.237030819,-0.274379943
3/9/2021,0.1097,-0.239874411,-0.236240587,-0.282567381
3/10/2021,0.1143,-0.239968603,-0.241885102,-0.276434001
3/11/2021,0.1143,-0.239968603,-0.241885102,-0.276434001
3/12/2021,0.1143,-0.239968603,-0.241885102,-0.276434001
3/13/2021,0.1298,-0.240879121,-0.228112484,-0.264493588
3/14/2021,0.1295,-0.249136578,-0.218516808,-0.271567611
3/15/2021,0.1251,-0.249073783,-0.218516808,-0.285264532
3/16/2021,0.1265,-0.243673469,-0.195261403,-0.269340782
3/17/2021,0.1217,-0.245211931,-0.192777816,-0.2542041
3/18/2021,0.1156,-0.247629513,-0.192777816,-0.2542041
3/19/2021,0.1156,-0.247629513,-0.192777816,-0.2542041
3/20/2021,0.1156,-0.247629513,-0.192777816,-0.2542041
3/21/2021,0.1156,-0.247629513,-0.192777816,-0.2542041
3/22/2021,0.1156,-0.247629513,-0.192777816,-0.2542041
3/23/2021,0.1156,-0.247629513,-0.192777816,-0.2542041
3/24/2021,0.1156,-0.247629513,-0.192777816,-0.2542041
3/25/2021,0.1319,-0.247629513,-0.192777816,-0.2542041
3/26/2021,0.1319,-0.247629513,-0.192777816,-0.2542041
3/27/2021,0.1392,-0.222731554,-0.180585662,-0.248243492
3/28/2021,0.1412,-0.207755102,-0.184367488,-0.229939338
3/29/2021,0.1412,-0.207755102,-0.184367488,-0.229939338
3/30/2021,0.1413,-0.207095761,-0.186173733,-0.237224526
3/31/2021,0.1398,-0.20866562,-0.184198152,-0.244144974
4/1/2021,0.1398,-0.208477237,-0.184198152,-0.244144974
4/2/2021,0.1398,-0.208477237,-0.184198152,-0.244144974
4/3/2021,0.1443,-0.231868132,-0.207510002,-0.265990939
4/4/2021,0.1494,-0.237927787,-0.236579258,-0.264848729
4/5/2021,0.1407,-0.233751962,-0.232966768,-0.257976273
4/6/2021,0.1505,-0.224144427,-0.23561969,-0.254357675
4/7/2021,0.1541,-0.231962323,-0.245328257,-0.256978039
4/8/2021,0.1503,-0.231836735,-0.245328257,-0.256978039
4/9/2021,0.1503,-0.231836735,-0.245328257,-0.256978039
4/10/2021,0.1574,-0.240565149,-0.273945951,-0.279083161
4/11/2021,0.1534,-0.237519623,-0.275187745,-0.286397144
4/12/2021,0.1479,-0.237174254,-0.265648513,-0.280705291
4/13/2021,0.1473,-0.243642072,-0.230934742,-0.286109191
4/14/2021,0.1254,-0.239089482,-0.243691347,-0.280762881
4/15/2021,0.1067,-0.246875981,-0.243691347,-0.280762881
4/16/2021,0.1067,-0.246875981,-0.243691347,-0.280762881
4/17/2021,0.1478,-0.246687598,-0.263842268,-0.27854565
4/18/2021,0.1128,-0.250172685,-0.280550035,-0.29032289
4/19/2021,0.1075,-0.252213501,-0.275526416,-0.297003379
4/20/2021,0.1367,-0.266122449,-0.263447152,-0.315489903
4/21/2021,0.1718,-0.266279435,-0.277840667,-0.311592951
4/22/2021,0.1742,-0.267503925,-0.277840667,-0.311592951
4/23/2021,0.1742,-0.267503925,-0.277840667,-0.311592951
4/24/2021,0.1636,-0.267284144,-0.280550035,-0.316593719
4/25/2021,0.1806,-0.26722135,-0.288565247,-0.307302465
4/26/2021,0.1686,-0.269199372,-0.276824654,-0.320442678
4/27/2021,0.1767,-0.26967033,-0.256673733,-0.320279506
4/28/2021,0.1778,-0.270549451,-0.253174134,-0.318935729
4/29/2021,0.1909,-0.270612245,-0.253174134,-0.318935729
4/30/2021,0.1909,-0.270612245,-0.253174134,-0.318935729
5/1/2021,0.2022,-0.280690738,-0.263560043,-0.341367197
5/2/2021,0.1732,-0.314348509,-0.278179338,-0.359728941
5/3/2021,0.1794,-0.317708006,-0.280267809,-0.360794364
5/4/2021,0.1794,-0.317708006,-0.280267809,-0.360794364
5/5/2021,0.1839,-0.342386185,-0.279026015,-0.372110881
5/6/2021,0.1873,-0.351711146,-0.279026015,-0.372110881
5/7/2021,0.1873,-0.351711146,-0.279026015,-0.372110881
5/8/2021,0.1789,-0.352056515,-0.285686544,-0.354238655
5/9/2021,0.1769,-0.349262166,-0.294322653,-0.344717039
5/10/2021,0.1731,-0.321412873,-0.28783146,-0.329801121
5/11/2021,0.1725,-0.303453689,-0.267059642,-0.310911464
5/12/2021,0.1791,-0.310047096,-0.273889506,-0.309279736
5/13/2021,0.1791,-0.321412873,-0.273889506,-0.309279736
5/14/2021,0.1791,-0.321412873,-0.273889506,-0.309279736
5/15/2021,0.1761,-0.307692308,-0.260850675,-0.296187514
5/16/2021,0.1842,-0.296263736,-0.267285423,-0.29140751
5/17/2021,0.1829,-0.302386185,-0.274058842,-0.310729095
5/18/2021,0.1868,-0.292496075,-0.273212164,-0.29879828
5/19/2021,0.1782,-0.303642072,-0.279929138,-0.319761192
5/20/2021,0.1783,-0.299843014,-0.279929138,-0.319761192
5/21/2021,0.1783,-0.299843014,-0.279929138,-0.319761192
5/22/2021,0.1809,-0.298304553,-0.290145711,-0.320817016
5/23/2021,0.1829,-0.298241758,-0.31136909,-0.306169853
5/24/2021,0.1564,-0.296357928,-0.32023098,-0.291973816
5/25/2021,0.1673,-0.296389325,-0.312046432,-0.291925824
5/26/2021,0.1661,-0.293061225,-0.315207361,-0.277566613
5/27/2021,0.1674,-0.288948195,-0.315207361,-0.277566613
5/28/2021,0.1674,-0.288948195,-0.315207361,-0.277566613
5/29/2021,0.1708,-0.263233909,-0.287210563,-0.256891653
5/30/2021,0.1729,-0.250957614,-0.260060443,-0.253877755
5/31/2021,0.178,-0.265117739,-0.278574454,-0.271020502
6/1/2021,0.1794,-0.264803768,-0.27710688,-0.25937764
6/2/2021,0.1838,-0.26455259,-0.265027617,-0.249270521
6/3/2021,0.1847,-0.264270016,-0.265027617,-0.249270521
6/4/2021,0.1847,-0.264270016,-0.265027617,-0.249270521
6/5/2021,0.1847,-0.264270016,-0.265027617,-0.249270521
6/6/2021,0.1847,-0.264270016,-0.265027617,-0.249270521
6/7/2021,0.1745,-0.259183674,-0.263221372,-0.251046226
6/8/2021,0.1813,-0.260627944,-0.253230579,-0.263121017
6/9/2021,0.1836,-0.241946625,-0.265817849,-0.257419565
6/10/2021,0.1809,-0.2488854,-0.265817849,-0.257419565
6/11/2021,0.1809,-0.2488854,-0.265817849,-0.257419565
6/12/2021,0.1769,-0.253532182,-0.260342669,-0.271385242
6/13/2021,0.1815,-0.243233909,-0.262600475,-0.263869692
6/14/2021,0.1866,-0.247346939,-0.264858281,-0.269974276
6/15/2021,0.1951,-0.244929356,-0.265592068,-0.267113952
6/16/2021,0.1966,-0.240973312,-0.267624094,-0.260740613
6/17/2021,0.1752,-0.23299843,-0.267624094,-0.260740613
6/18/2021,0.1752,-0.23299843,-0.267624094,-0.260740613
6/19/2021,0.1937,-0.262511774,-0.252666127,-0.285629271
6/20/2021,0.2062,-0.247723705,-0.253004798,-0.290965983
6/21/2021,0.2016,-0.243359498,-0.251029218,-0.291234739
6/22/2021,0.2035,-0.238084772,-0.2372566,-0.285053367
6/23/2021,0.2013,-0.240847724,-0.220097272,-0.286896261
6/24/2021,0.2196,-0.240533752,-0.220097272,-0.286896261
6/25/2021,0.2196,-0.240533752,-0.220097272,-0.286896261
6/26/2021,0.2123,-0.232213501,-0.1923827,-0.274811871
6/27/2021,0.2151,-0.225211931,-0.19576941,-0.273688858
6/28/2021,0.2132,-0.22411303,-0.192664926,-0.264157644
6/29/2021,0.225,-0.216169545,-0.178102076,-0.256901252
6/30/2021,0.2223,-0.202511774,-0.158515606,-0.258590571
7/1/2021,0.2214,-0.21032967,-0.158515606,-0.258590571
7/2/2021,0.2214,-0.21032967,-0.158515606,-0.258590571
7/3/2021,0.2271,-0.207660911,-0.173755798,-0.256258159
7/4/2021,0.2306,-0.21032967,-0.17804563,-0.257966674
7/5/2021,0.2346,-0.215949765,-0.164442348,-0.267824234
7/6/2021,0.2403,-0.211648352,-0.132042828,-0.262305152
7/7/2021,0.2443,-0.212370487,-0.129502796,-0.26544383
7/8/2021,0.2443,-0.214474097,-0.129502796,-0.26544383
7/9/2021,0.2443,-0.214474097,-0.129502796,-0.26544383
7/10/2021,0.2263,-0.2166719,-0.145589665,-0.265741381
7/11/2021,0.2317,-0.215102041,-0.138985582,-0.264618368
7/12/2021,0.2308,-0.216043956,-0.137574453,-0.265338248
7/13/2021,0.2368,-0.222637363,-0.14005804,-0.272249098
7/14/2021,0.2406,-0.227503925,-0.141977175,-0.279582278
7/15/2021,0.2406,-0.224521193,-0.141977175,-0.279582278
7/16/2021,0.2406,-0.224521193,-0.141977175,-0.279582278
7/17/2021,0.2434,-0.223579278,-0.121600474,-0.27734585
7/18/2021,0.2435,-0.229858713,-0.139437143,-0.282193043
7/19/2021,0.2456,-0.231899529,-0.144234982,-0.28107003
7/20/2021,0.2456,-0.230172685,-0.144234982,-0.28107003
7/21/2021,0.2456,-0.230172685,-0.144234982,-0.28107003
7/22/2021,0.2456,-0.226750393,-0.144234982,-0.28107003
7/23/2021,0.2456,-0.226750393,-0.144234982,-0.28107003
7/24/2021,0.2456,-0.224207221,-0.144234982,-0.28107003
7/25/2021,0.2456,-0.222009419,-0.144234982,-0.28107003
7/26/2021,0.242,-0.213532182,-0.137461563,-0.259963142
7/27/2021,0.2443,-0.209858713,-0.139550034,-0.243607464
7/28/2021,0.2492,-0.196263736,-0.135485982,-0.231763035
7/29/2021,0.2492,-0.196263736,-0.135485982,-0.231763035
7/30/2021,0.2492,-0.196263736,-0.135485982,-0.231763035
7/31/2021,0.2265,-0.192182104,-0.117536423,-0.199138063
8/1/2021,0.2454,-0.199717425,-0.094506799,-0.205914536
8/2/2021,0.2517,-0.19877551,-0.09507125,-0.212585426
8/3/2021,0.2265,-0.192182104,-0.08959607,-0.202967826
8/4/2021,0.2387,-0.195635793,-0.067243788,-0.198984489
8/5/2021,0.2387,-0.195635793,-0.067243788,-0.198984489
8/6/2021,0.2387,-0.195635793,-0.067243788,-0.198984489
8/7/2021,0.2511,-0.195039247,-0.059736582,-0.219064348
8/8/2021,0.258,-0.193437991,-0.057648111,-0.207037549
8/9/2021,0.2599,-0.186530612,-0.037497191,-0.214860247
8/10/2021,0.2478,-0.173186813,-0.027224172,-0.206941565
8/11/2021,0.2422,-0.16455259,-0.019547631,-0.190528296
8/12/2021,0.2422,-0.170204082,-0.019547631,-0.190528296
8/13/2021,0.2422,-0.170204082,-0.019547631,-0.190528296
8/14/2021,0.2572,-0.173657771,-0.014693347,-0.178194349
8/15/2021,0.2746,-0.15544741,-0.002501193,-0.170745988
8/16/2021,0.2746,-0.155196232,-0.002501193,-0.170745988
8/17/2021,0.2746,-0.15544741,-0.002501193,-0.170745988
8/18/2021,0.2746,-0.15544741,-0.002501193,-0.170745988
8/19/2021,0.2746,-0.15544741,-0.002501193,-0.170745988
8/20/2021,0.2746,-0.15544741,-0.002501193,-0.170745988
8/21/2021,0.2746,-0.144427002,-0.002501193,-0.170745988
8/22/2021,0.2742,-0.138178964,0.011553651,-0.152422637
8/23/2021,0.2901,-0.131585557,0.019399527,-0.160379713
8/24/2021,0.3199,-0.13177394,0.045815861,-0.148314521
8/25/2021,0.3263,-0.125620094,0.042372706,-0.158815173
8/26/2021,0.3259,-0.124050236,0.042372706,-0.158815173
8/27/2021,0.3259,-0.124050236,0.042372706,-0.158815173
8/28/2021,0.3333,-0.114568289,0.061846285,-0.147949781
8/29/2021,0.3414,-0.133186813,0.054339079,-0.173865469
8/30/2021,0.3333,-0.150266876,0.003538438,-0.197544729
8/31/2021,0.3149,-0.139026688,-0.005267006,-0.186496967
9/1/2021,0.3264,-0.151177394,0.011102089,-0.182916763
9/2/2021,0.3361,-0.143139717,0.011102089,-0.182916763
9/3/2021,0.3361,-0.143139717,0.011102089,-0.182916763
9/4/2021,0.3436,-0.151302983,0.030914339,-0.180027643
9/5/2021,0.3374,-0.150141287,0.031704571,-0.173279966
9/6/2021,0.2815,-0.148477237,0.037687758,-0.180152423
9/7/2021,0.2817,-0.140313972,0.015561257,-0.180075635
9/8/2021,0.2817,-0.13089482,0.016351489,-0.172396913
9/9/2021,0.2765,-0.126310832,0.016351489,-0.172396913
9/10/2021,0.2765,-0.126310832,0.016351489,-0.172396913
9/11/2021,0.2997,-0.129324961,0.035712178,-0.170093297
9/12/2021,0.3176,-0.144395604,0.01132787,-0.181275436
9/13/2021,0.3325,-0.142511774,0.000998406,-0.194300468
9/14/2021,0.3592,-0.131962323,0.018609295,-0.186458573
9/15/2021,0.3809,-0.142197802,0.00782827,-0.191171389
9/16/2021,0.3995,-0.138273155,0.00782827,-0.191171389
9/17/2021,0.3995,-0.138273155,0.00782827,-0.191171389
9/18/2021,0.3635,-0.140627944,-0.026264604,-0.20745028
9/19/2021,0.3725,-0.137676609,-0.039924332,-0.218622821
9/20/2021,0.3817,-0.140313972,-0.032925133,-0.212345466
9/21/2021,0.3805,-0.139623234,-0.044327054,-0.216568763
9/22/2021,0.3955,-0.135918367,-0.039190545,-0.206212086
9/23/2021,0.3943,-0.13089482,-0.039190545,-0.206212086
9/24/2021,0.3943,-0.13089482,-0.039190545,-0.206212086
9/25/2021,0.4252,-0.13466248,-0.021128095,-0.20342855
9/26/2021,0.4227,-0.13089482,-0.022482779,-0.204647547
9/27/2021,0.4227,-0.13089482,-0.022482779,-0.204647547
9/28/2021,0.4205,-0.118649922,-0.016217367,-0.196258543
9/29/2021,0.4138,-0.11299843,-0.011532419,-0.186074637
9/30/2021,0.4198,-0.106091052,-0.011532419,-0.186074637
10/1/2021,0.4198,-0.106091052,-0.011532419,-0.186074637
10/2/2021,0.4378,-0.114568289,0.025044043,-0.176034708
10/3/2021,0.451,-0.119591837,0.029672546,-0.189818014
10/4/2021,0.4543,-0.116609105,0.033510816,-0.192025647
10/5/2021,0.4543,-0.116609105,0.033510816,-0.192025647
10/6/2021,0.4617,-0.123014129,0.031309455,-0.190825847
10/7/2021,0.4617,-0.123014129,0.031309455,-0.190825847
10/8/2021,0.4617,-0.123014129,0.031309455,-0.190825847
10/9/2021,0.4585,-0.134693878,0.017593282,-0.203918068
10/10/2021,0.4544,-0.134034537,0.017593282,-0.206845581
10/11/2021,0.4695,-0.141821036,0.017593282,-0.210147432
10/12/2021,0.467,-0.149984301,0.017593282,-0.224439453
10/13/2021,0.4673,-0.147378336,0.017593282,-0.225380097
10/14/2021,0.4651,-0.149544741,0.017593282,-0.225380097
10/15/2021,0.4651,-0.149544741,0.017593282,-0.225380097
10/16/2021,0.4668,-0.143328101,0.017593282,-0.205856945
10/17/2021,0.4696,-0.146562009,0.017593282,-0.210704139
10/18/2021,0.4633,-0.143987441,0.017593282,-0.215608923
10/19/2021,0.4647,-0.13711146,0.017593282,-0.2067304
10/20/2021,0.4663,-0.142605966,0.017593282,-0.209590724
10/21/2021,0.4679,-0.139246468,0.017593282,-0.209590724
10/22/2021,0.4679,-0.139246468,0.017593282,-0.209590724
10/23/2021,0.4497,-0.133343799,0.017593282,-0.200232281
10/24/2021,0.4497,-0.133343799,0.017593282,-0.200232281
10/25/2021,0.4544,-0.134631083,0.017593282,-0.195932197
10/26/2021,0.4325,-0.134160126,0.017593282,-0.200049912
10/27/2021,0.4248,-0.130989011,0.017593282,-0.194847577
10/28/2021,0.427,-0.131648352,0.017593282,-0.194847577
10/29/2021,0.427,-0.131648352,0.017593282,-0.194847577
10/30/2021,0.4298,-0.13299843,0.017593282,-0.204916302
10/31/2021,0.4379,-0.13422292,0.017593282,-0.212527835
11/1/2021,0.4247,-0.136357928,-0.036198952,-0.206183291
11/2/2021,0.3834,-0.133406593,-0.025079256,-0.205540198
11/3/2021,0.3554,-0.12411303,-0.010629296,-0.196344928
11/4/2021,0.3046,-0.131836735,-0.010629296,-0.196344928
11/5/2021,0.3046,-0.131836735,-0.010629296,-0.196344928
11/6/2021,0.2813,-0.126405024,0.020867101,-0.18756239
11/7/2021,0.3345,-0.121161695,0.008166941,-0.183348691
11/8/2021,0.3616,-0.120125589,0.010311857,-0.177954388
11/9/2021,0.3776,-0.11755102,0.018778631,-0.178779851
11/10/2021,0.3752,-0.109387755,0.018778631,-0.169478999
11/11/2021,0.3379,-0.107566719,0.018778631,-0.169478999
11/12/2021,0.3379,-0.107566719,0.018778631,-0.169478999
11/13/2021,0.3215,-0.100784929,0.018778631,-0.131066191
11/14/2021,0.3146,-0.104458399,0.018778631,-0.141989173
11/15/2021,0.3637,-0.12,0.018778631,-0.158498426
11/16/2021,0.3284,-0.121098901,0.018778631,-0.148141749
11/17/2021,0.3137,-0.121821036,0.018778631,-0.143774476
11/18/2021,0.2712,-0.124081633,0.018778631,-0.143774476
11/19/2021,0.2712,-0.124081633,0.018778631,-0.143774476
11/20/2021,0.2966,-0.119403454,0.018778631,-0.162654534
11/21/2021,0.2886,-0.111585557,0.018778631,-0.154831836
11/22/2021,0.3335,-0.108728414,0.018778631,-0.151395608
11/23/2021,0.2998,-0.102009419,0.018778631,-0.155138985
11/24/2021,0.3358,-0.086279435,0.018778631,-0.14158604
11/25/2021,0.331,-0.095510204,0.018778631,-0.14158604
11/26/2021,0.331,-0.095510204,0.018778631,-0.14158604
11/27/2021,0.3481,-0.065234851,0.018778631,-0.137026799
11/28/2021,0.3684,-0.08599843,0.018778631,-0.139215235
11/29/2021,0.3799,-0.092494819,0.018778631,-0.128973739
11/30/2021,0.4744,-0.092401884,0.018778631,-0.144177609
12/1/2021,0.471,-0.080062794,-0.072210962,-0.134895953
12/2/2021,0.4684,-0.075353218,-0.072210962,-0.134895953
12/3/2021,0.4684,-0.075353218,-0.072210962,-0.134895953
12/4/2021,0.425,-0.045525903,-0.074186542,-0.112531675
12/5/2021,0.4259,-0.04144427,-0.06419575,-0.101090379
12/6/2021,0.4255,-0.025117739,-0.064647311,-0.085425785
12/7/2021,0.4361,-0.029827316,-0.075710562,-0.079820318
12/8/2021,0.4365,-0.034536892,-0.058099673,-0.091088843
12/9/2021,0.4392,-0.035478807,-0.058099673,-0.091088843
12/10/2021,0.4392,-0.035478807,-0.058099673,-0.091088843
12/11/2021,0.4625,-0.042386185,-0.058099673,-0.101099977
12/12/2021,0.463,-0.055572998,-0.058099673,-0.114556938
12/13/2021,0.4643,-0.075353218,-0.058099673,-0.14381287
12/14/2021,0.4456,-0.050863422,-0.058099673,-0.127418798
12/15/2021,0.462,-0.05588697,-0.058099673,-0.103096445
12/16/2021,0.4686,-0.058398744,-0.058099673,-0.103096445
12/17/2021,0.4686,-0.058398744,-0.058099673,-0.103096445
12/18/2021,0.4708,-0.062794349,-0.058099673,-0.112224526
12/19/2021,0.471,-0.061538462,-0.058099673,-0.126353375
12/20/2021,0.4681,-0.052433281,-0.058099673,-0.125739077
12/21/2021,0.4766,-0.050549451,-0.058099673,-0.11508485
12/22/2021,0.476,-0.050235479,-0.058099673,-0.116572602
12/23/2021,0.4853,-0.056200942,-0.058099673,-0.116572602
12/24/2021,0.4853,-0.056200942,-0.058099673,-0.116572602
12/25/2021,0.4759,-0.031397174,-0.058099673,-0.134089688
12/26/2021,0.4801,-0.057456829,-0.058099673,-0.128916148
12/27/2021,0.4841,-0.059654631,-0.058099673,-0.124414497
12/28/2021,0.4832,-0.066875981,-0.058099673,-0.133197036
12/29/2021,0.486,-0.063422292,-0.058099673,-0.131565308
12/30/2021,0.4785,-0.058084772,-0.058099673,-0.131565308
12/31/2021,0.4785,-0.058084772,-0.058099673,-0.131565308
1/1/2022,0.4808,-0.068131868,-0.030102875,-0.126487752
1/2/2022,0.4804,-0.072527473,-0.034674933,-0.131507717
1/3/2022,0.4752,-0.081632653,-0.039585661,-0.132371573
1/4/2022,0.4912,-0.086970173,-0.046979977,-0.137026799
1/5/2022,0.4878,-0.097017268,-0.057648111,-0.153257698
1/6/2022,0.4878,-0.090423862,-0.057648111,-0.153257698
1/7/2022,0.4878,-0.090423862,-0.057648111,-0.153257698
1/8/2022,0.4833,-0.120879121,-0.053809841,-0.16970936
1/9/2022,0.4832,-0.135007849,-0.067526014,-0.196085771
1/10/2022,0.5184,-0.116797488,-0.07142073,-0.198350994
1/11/2022,0.5297,-0.114599686,-0.070178936,-0.187428012
1/12/2022,0.5674,-0.124646782,-0.08237109,-0.19020195
1/13/2022,0.5704,-0.116169545,-0.08237109,-0.19020195
1/14/2022,0.5704,-0.116169545,-0.08237109,-0.19020195
1/15/2022,0.5553,-0.125274725,-0.099361082,-0.202689473
1/16/2022,0.5837,-0.12967033,-0.106134501,-0.197986255
1/17/2022,0.5602,-0.143485086,-0.108956759,-0.207623052
1/18/2022,0.5434,-0.128414443,-0.127696551,-0.210406588
1/19/2022,0.5556,-0.123390895,-0.141299833,-0.192016049
1/20/2022,0.5525,-0.117739404,-0.141299833,-0.192016049
1/21/2022,0.5525,-0.120879121,-0.141299833,-0.192016049
1/22/2022,0.567,-0.124646782,-0.137010002,-0.191132996
1/23/2022,0.5923,-0.119937206,-0.144178536,-0.179643707
1/24/2022,0.5832,-0.116169545,-0.149202155,-0.170717193
1/25/2022,0.6029,-0.117739404,-0.166417928,-0.178415112
1/26/2022,0.5938,-0.12244898,-0.137800234,-0.171475467
1/27/2022,0.5846,-0.120879121,-0.137800234,-0.171475467
1/28/2022,0.5846,-0.120879121,-0.137800234,-0.171475467
1/29/2022,0.6104,-0.116797488,-0.105231378,-0.172185748
1/30/2022,0.6233,-0.116483517,-0.099135301,-0.184596483
1/31/2022,0.6421,-0.124018838,-0.09332145,-0.189693235
2/1/2022,0.6324,-0.127786499,-0.098345069,-0.194194886
2/2/2022,0.6171,-0.135007849,-0.096651715,-0.199234048
2/3/2022,0.5687,-0.135321821,-0.096651715,-0.199234048
2/4/2022,0.5687,-0.135321821,-0.096651715,-0.199234048
2/5/2022,0.6264,-0.169544741,-0.099304637,-0.220475313
2/6/2022,0.6178,-0.15133438,-0.124309841,-0.220062582
2/7/2022,0.6224,-0.164207221,-0.130405918,-0.21964985
2/8/2022,0.6261,-0.163265306,-0.121205358,-0.23160946
2/9/2022,0.6044,-0.164835165,-0.127640106,-0.22770291
2/10/2022,0.5711,-0.167974882,-0.127640106,-0.22770291
2/11/2022,0.5711,-0.167974882,-0.127640106,-0.22770291
2/12/2022,0.6281,-0.154788069,-0.111722571,-0.209427551
2/13/2022,0.6281,-0.143799058,-0.106868288,-0.196796053
2/14/2022,0.6397,-0.144427002,-0.107037623,-0.191929663
2/15/2022,0.6397,-0.153846154,-0.107037623,-0.191929663
2/16/2022,0.6257,-0.157299843,-0.105344269,-0.204138831
2/17/2022,0.6434,-0.178021978,-0.105344269,-0.204138831
2/18/2022,0.6434,-0.178021978,-0.105344269,-0.204138831
2/19/2022,0.6519,-0.177394035,-0.09868374,-0.217797359
2/20/2022,0.6599,-0.191522763,-0.097385502,-0.223585195
2/21/2022,0.6377,-0.181161695,-0.094337463,-0.223518007
2/22/2022,0.6421,-0.174254317,-0.095184141,-0.20697036
2/23/2022,0.6621,-0.175824176,-0.087902715,-0.211184059
2/24/2022,0.6724,-0.172684458,-0.087902715,-0.211184059
2/25/2022,0.6724,-0.172684458,-0.087902715,-0.211184059
2/26/2022,0.6933,-0.173626374,-0.092361883,-0.203975659
2/27/2022,0.6757,-0.173626374,-0.103142908,-0.204014052
2/28/2022,0.6669,-0.182103611,-0.103030017,-0.202804653
3/1/2022,0.6669,-0.178021978,-0.103030017,-0.202804653
3/2/2022,0.6866,-0.179905809,-0.096651715,-0.196824848
3/3/2022,0.6888,-0.182103611,-0.096651715,-0.196824848
3/4/2022,0.6888,-0.182103611,-0.096651715,-0.196824848
3/5/2022,0.6701,-0.193092622,-0.088410722,-0.207143131
3/6/2022,0.6925,-0.196232339,-0.072493188,-0.21544575
3/7/2022,0.7225,-0.183673469,-0.044270609,-0.201787223
3/8/2022,0.719,-0.180533752,-0.053076054,-0.183876603
3/9/2022,0.699,-0.190266876,-0.047036422,-0.186871305
3/10/2022,0.7116,-0.188383046,-0.047036422,-0.186871305
3/11/2022,0.7116,-0.188383046,-0.047036422,-0.186871305
3/12/2022,0.7079,-0.185243328,-0.062784621,-0.179730093
3/13/2022,0.7171,-0.170486656,-0.074073652,-0.167405744
3/14/2022,0.6933,-0.170486656,-0.077742587,-0.173942256
3/15/2022,0.6977,-0.167974882,-0.078250594,-0.174748522
3/16/2022,0.6992,-0.176766091,-0.062333059,-0.179768487
3/17/2022,0.7025,-0.175196232,-0.062333059,-0.179768487
3/18/2022,0.7025,-0.175196232,-0.062333059,-0.179768487
3/19/2022,0.6959,-0.174882261,-0.045512403,-0.187946326
3/20/2022,0.6959,-0.174882261,-0.045512403,-0.187946326
3/21/2022,0.6959,-0.174882261,-0.045512403,-0.187946326
3/22/2022,0.6959,-0.174882261,-0.045512403,-0.187946326
3/23/2022,0.6959,-0.174882261,-0.045512403,-0.187946326
3/24/2022,0.6959,-0.174882261,-0.045512403,-0.187946326
3/25/2022,0.6959,-0.174882261,-0.045512403,-0.187946326
3/26/2022,0.6999,-0.176138148,-0.02818374,-0.181179452
3/27/2022,0.7058,-0.170486656,-0.014411122,-0.183732627
3/28/2022,0.7051,-0.164835165,-0.001598071,-0.180661138
3/29/2022,0.7126,-0.148508634,-0.003404316,-0.169325424
3/30/2022,0.7161,-0.154788069,-0.000638503,-0.162184213
3/31/2022,0.7137,-0.150706436,-0.000638503,-0.162184213
4/1/2022,0.7137,-0.150706436,-0.000638503,-0.162184213
4/2/2022,0.7137,-0.150706436,-0.000638503,-0.162184213
4/3/2022,0.6991,-0.153846154,0.025552049,-0.165390079
4/4/2022,0.7391,-0.152653061,0.026850288,-0.15979421
4/5/2022,0.7421,-0.135729984,0.030236997,-0.146510021
4/6/2022,0.7346,-0.135949765,0.016520824,-0.145435
4/7/2022,0.7418,-0.130926217,0.016520824,-0.145435
4/8/2022,0.7418,-0.130926217,0.016520824,-0.145435
4/9/2022,0.766,-0.128728414,0.018101289,-0.130672656
4/10/2022,0.7581,-0.121507064,0.028769423,-0.11664939
4/11/2022,0.7512,-0.118367347,0.028600088,-0.100802427
4/12/2022,0.7488,-0.11711146,0.012908334,-0.105841588
4/13/2022,0.7481,-0.127158556,0.011102089,-0.129405667
4/14/2022,0.7102,-0.136577708,0.011102089,-0.129405667
4/15/2022,0.7102,-0.136577708,0.011102089,-0.129405667
4/16/2022,0.7554,-0.123390895,0.00969096,-0.119941642
4/17/2022,0.7434,-0.125588697,0.01505325,-0.105092913
4/18/2022,0.7468,-0.131868132,0.037800648,-0.100984796
4/19/2022,0.7496,-0.134379906,0.055863098,-0.109172234
4/20/2022,0.7503,-0.129042386,0.057048447,-0.113232358
4/21/2022,0.7474,-0.125274725,0.057048447,-0.113232358
4/22/2022,0.7474,-0.125274725,0.057048447,-0.113232358
4/23/2022,0.7474,-0.125274725,0.057048447,-0.113232358
4/24/2022,0.7649,-0.127472528,0.056653331,-0.113309145
4/25/2022,0.7682,-0.125274725,0.051121705,-0.119375336
4/26/2022,0.7727,-0.122762951,0.061056053,-0.116140674
4/27/2022,0.7681,-0.118053375,0.056258215,-0.109652154
4/28/2022,0.7688,-0.115541601,0.056258215,-0.109652154
4/29/2022,0.7688,-0.115541601,0.056258215,-0.109652154
4/30/2022,0.7595,-0.117739404,0.063821865,-0.10955617
5/1/2022,0.7701,-0.122260597,0.053492402,-0.109287415
5/2/2022,0.7687,-0.12021978,0.053548847,-0.110352837
5/3/2022,0.7687,-0.12021978,0.053548847,-0.110352837
5/4/2022,0.7687,-0.12021978,0.053548847,-0.110352837
5/5/2022,0.776,-0.119120879,0.053548847,-0.110352837
5/6/2022,0.776,-0.119120879,0.053548847,-0.110352837
5/7/2022,0.7679,-0.108320251,0.070538839,-0.095264148
5/8/2022,0.7786,-0.107692308,0.0762398,-0.092029486
5/9/2022,0.7749,-0.113689168,0.073756213,-0.09350764
5/10/2022,0.7711,-0.076295133,0.06737791,-0.08672157
5/11/2022,0.7761,-0.062166405,0.077820264,-0.065979421
5/12/2022,0.7424,-0.032339089,0.077820264,-0.065979421
5/13/2022,0.7424,-0.032339089,0.077820264,-0.065979421
5/14/2022,0.778,-0.051177394,0.083859896,-0.053472702
5/15/2022,0.77,-0.037676609,0.082843883,-0.042357752
5/16/2022,0.771,-0.039874411,0.089843083,-0.038393611
5/17/2022,0.7866,-0.051805338,0.093512018,-0.046369884
5/18/2022,0.7807,-0.058084772,0.094358695,-0.059327728
5/19/2022,0.7759,-0.052433281,0.094358695,-0.059327728
5/20/2022,0.7759,-0.052433281,0.094358695,-0.059327728
5/21/2022,0.7791,-0.047095761,0.095092482,-0.036109191
5/22/2022,0.7994,-0.04866562,0.09791474,-0.022383475
5/23/2022,0.7858,-0.047095761,0.097971185,-0.033680796
5/24/2022,0.7996,-0.053375196,0.104857494,-0.016710819
5/25/2022,0.8098,-0.050235479,0.109937558,-0.015962144
5/26/2022,0.8065,-0.043956044,0.109937558,-0.015962144
5/27/2022,0.8065,-0.043956044,0.109937558,-0.015962144
5/28/2022,0.8064,-0.040816327,0.112082474,-0.006949244
5/29/2022,0.809,-0.032025118,0.090915541,0.005557475
5/30/2022,0.8119,-0.023547881,0.098704972,0.026769945
5/31/2022,0.8183,-0.021978022,0.100849888,0.030158182
6/1/2022,0.8139,-0.001569859,0.098535637,0.018544114
6/2/2022,0.803,-0.00722135,0.098535637,0.018544114
6/3/2022,0.803,-0.00722135,0.098535637,0.018544114
6/4/2022,0.803,-0.005651491,0.098535637,0.018544114
6/5/2022,0.803,-0.004709576,0.098535637,0.018544114
6/6/2022,0.815,-0.007849294,0.096672947,0.000681487
6/7/2022,0.8086,0.003139717,0.106945965,0.008916916
6/8/2022,0.824,-0.002197802,0.087754612,0.02253705
6/9/2022,0.8133,0.011616954,0.087754612,0.02253705
6/10/2022,0.8133,0.011616954,0.087754612,0.02253705
6/11/2022,0.8054,0.031397174,0.088431954,0.057600015
6/12/2022,0.8023,0.039874411,0.098592082,0.103278814
6/13/2022,0.8122,0.032025118,0.124218183,0.078562927
6/14/2022,0.8184,0.006279435,0.123427951,0.052868003
6/15/2022,0.826,-0.001569859,0.114509616,0.028200108
6/16/2022,0.829,0.010989011,0.114509616,0.028200108
6/17/2022,0.829,0.010989011,0.114509616,0.028200108
6/18/2022,0.8215,0.007849294,0.108357094,0.05799355
6/19/2022,0.8381,-0.002511774,0.118686558,0.061209015
6/20/2022,0.8337,-0.00188383,0.118912338,0.044085464
6/21/2022,0.8334,-0.00188383,0.118912338,0.057062505
6/22/2022,0.8355,0.007849294,0.107566862,0.070413883
6/23/2022,0.8327,0.001569859,0.107566862,0.070413883
6/24/2022,0.8327,0.001569859,0.107566862,0.070413883
6/25/2022,0.8423,-0.001569859,0.107679752,0.038959917
6/26/2022,0.853,-0.021036107,0.08719016,-0.012343546
6/27/2022,0.8556,-0.04866562,0.079231393,-0.042242571
6/28/2022,0.8466,-0.035478807,0.084819464,-0.036627505
6/29/2022,0.8602,-0.018838305,0.084763019,-0.030234969
6/30/2022,0.8226,0.008477237,0.084763019,-0.030234969
7/1/2022,0.8226,0.008477237,0.084763019,-0.030234969
7/2/2022,0.8458,0.028257457,0.083295444,0.035571681
7/3/2022,0.8524,-0.003139717,0.08182787,0.036512324
7/4/2022,0.8511,-0.004709576,0.07810249,0.000211165
7/5/2022,0.8681,-0.017896389,0.076296245,0.021375643
7/6/2022,0.877,-0.014756672,0.081150529,0.017238731
7/7/2022,0.8757,-0.010989011,0.081150529,0.017238731
7/8/2022,0.8757,-0.010989011,0.081150529,0.017238731
7/9/2022,0.869,-0.010989011,0.077312258,0.008187438
7/10/2022,0.869,-0.010989011,0.077312258,0.008187438
7/11/2022,0.877,-0.010989011,0.07810249,0.017641864
7/12/2022,0.8854,-0.010989011,0.083690561,0.01129732
7/13/2022,0.8706,-0.010989011,0.093568463,0.007601935
7/14/2022,0.8624,-0.010989011,0.093568463,0.007601935
7/15/2022,0.8624,-0.010989011,0.093568463,0.007601935
7/16/2022,0.8644,0.006279435,0.078271826,0.01730592
7/17/2022,0.8751,0.004709576,0.078666942,0.004991169
7/18/2022,0.8751,0.001569859,0.078666942,0.004991169
7/19/2022,0.8777,-0.003139717,0.059249808,-0.000499117
7/20/2022,0.8708,-0.003139717,0.065910336,-0.001065423
7/21/2022,0.8781,0.003139717,0.065910336,-0.001065423
7/22/2022,0.8781,0.003139717,0.065910336,-0.001065423
7/23/2022,0.8749,0.00533752,0.076014019,0.005163941
7/24/2022,0.8887,0.003139717,0.07612691,0.014340014
7/25/2022,0.8877,-0.000313972,0.05631466,0.007851494
7/26/2022,0.8876,0.002511774,0.056371105,0.012113184
7/27/2022,0.8754,0.002197802,0.056766221,0.010203102
7/28/2022,0.8915,0.002197802,0.056766221,0.010203102
7/29/2022,0.8915,0.002197802,0.056766221,0.010203102
7/30/2022,0.8715,0.002825746,0.056935556,0.015539814
7/31/2022,0.8702,-0.004081633,0.040453571,0.015309453
8/1/2022,0.8832,-0.001569859,0.03463972,0.008417799
8/2/2022,0.8828,-0.007535322,0.036333074,0.008043462
8/3/2022,0.9145,-0.01978022,0.039381113,0.002006066
8/4/2022,0.9276,-0.01255887,0.039381113,0.002006066
8/5/2022,0.9276,-0.01255887,0.039381113,0.002006066
8/6/2022,0.9191,-0.008791209,0.050105692,-0.00787069
8/7/2022,0.9191,-0.003139717,0.050105692,-0.00787069
8/8/2022,0.9191,-0.003139717,0.050105692,-0.00787069
8/9/2022,0.9309,-0.003139717,0.049992802,-0.002255625
8/10/2022,0.9258,-0.026059655,0.037574868,-0.012525916
8/11/2022,0.9382,-0.020408163,0.037574868,-0.012525916
8/12/2022,0.9382,-0.020408163,0.037574868,-0.012525916
8/13/2022,0.9589,-0.050235479,0.052081273,-0.036982646
8/14/2022,0.9607,-0.042386185,0.047170544,-0.057763188
8/15/2022,0.9513,-0.051177394,0.041921145,-0.068906934
8/16/2022,0.9494,-0.054317111,0.044122506,-0.07025071
8/17/2022,0.9391,-0.060596546,0.036841081,-0.098364432
8/18/2022,0.9401,-0.063736264,0.036841081,-0.098364432
8/19/2022,0.9401,-0.063736264,0.036841081,-0.098364432
8/20/2022,0.9356,-0.108320251,0.021205772,-0.121746141
8/21/2022,0.9436,-0.090423862,0.026060056,-0.11995124
8/22/2022,0.9485,-0.078492936,0.016859495,-0.101071182
8/23/2022,0.9515,-0.08100471,0.021657334,-0.099967365
8/24/2022,0.9425,-0.077864992,0.03672819,-0.116179068
8/25/2022,0.9582,-0.067503925,0.03672819,-0.116179068
8/26/2022,0.9582,-0.067503925,0.03672819,-0.116179068
8/27/2022,0.9919,-0.064364207,0.036445965,-0.095292943
8/28/2022,0.9654,-0.070643642,0.026568062,-0.100207326
8/29/2022,0.9743,-0.064364207,0.023745804,-0.103643554
8/30/2022,0.9811,-0.060282575,0.016407934,-0.101186363
8/31/2022,0.9964,-0.059026688,0.01669016,-0.090973662
9/1/2022,1.002,-0.065306122,0.01669016,-0.090973662
9/2/2022,1.002,-0.065306122,0.01669016,-0.090973662
9/3/2022,1.0161,-0.054945055,0.015617702,-0.080377025
9/4/2022,1.0172,-0.050549451,0.010932754,-0.074445212
9/5/2022,1.0173,-0.051805338,0.021657334,-0.083045381
9/6/2022,1.0265,-0.054317111,0.003707774,-0.081279275
9/7/2022,1.0339,-0.051177394,-0.005718567,-0.088180527
9/8/2022,1.0268,-0.049921507,-0.005718567,-0.088180527
9/9/2022,1.0268,-0.049921507,-0.005718567,-0.088180527
9/10/2022,1.025,-0.046153846,-0.01373378,-0.075107502
9/11/2022,1.0122,-0.029199372,-0.012943547,-0.069242878
9/12/2022,1.0092,-0.026687598,-0.010911522,-0.050286032
9/13/2022,1.0169,-0.008477237,-0.011137302,-0.030158182
9/14/2022,1.0129,-0.010361068,-0.012379096,-0.037750518
9/15/2022,1.0065,-0.008477237,-0.012379096,-0.037750518
9/16/2022,1.0065,-0.008477237,-0.012379096,-0.037750518
9/17/2022,1.0065,0.001569859,-0.012379096,-0.037750518
9/18/2022,1.01,-0.010047096,-0.019886302,-0.031425171
9/19/2022,1.0253,-0.003767661,-0.01757205,-0.043538355
9/20/2022,1.0239,-0.005651491,-0.02665972,-0.043336789
9/21/2022,1.0166,-0.004081633,-0.039811442,-0.046974583
9/22/2022,1.0138,-0.004081633,-0.039811442,-0.046974583
9/23/2022,1.0138,-0.004081633,-0.039811442,-0.046974583
9/24/2022,1.0094,-0.004081633,-0.050761802,-0.039055901
9/25/2022,1.0094,-0.00722135,-0.050761802,-0.039055901
9/26/2022,1.0119,-0.00533752,-0.044835061,-0.037817707
9/27/2022,1.0119,-0.003767661,-0.044835061,-0.037817707
9/28/2022,1.0054,-0.001569859,-0.038569649,-0.042597712
9/29/2022,1.0005,0.009419152,-0.038569649,-0.042597712
9/30/2022,0.9958,0.009419152,-0.038569649,-0.042597712
10/1/2022,1.018,0.043956044,-0.052455157,-0.000518314
10/2/2022,1.0186,0.040188383,-0.05544675,0.014157644
10/3/2022,1.0246,0.047095761,-0.054317847,0.021961146
10/4/2022,1.0246,0.039246468,-0.056011202,0.017853029
10/5/2022,1.0502,0.029199372,-0.056011202,0.017853029
10/6/2022,1.0299,0.032967033,-0.056011202,0.017853029
10/7/2022,1.0299,0.032967033,-0.056011202,0.017853029
10/8/2022,1.0299,0.022919937,-0.052116486,0.001151808
10/9/2022,1.0248,0.016640502,-0.063010401,-0.004424864
10/10/2022,1.0098,0.021978022,-0.063010401,-0.006056592
10/11/2022,0.9684,0.029199372,-0.063010401,0.001487752
10/12/2022,0.9404,0.024803768,-0.063010401,0.002735545
10/13/2022,0.9387,0.033908948,-0.063010401,0.002735545
10/14/2022,0.9387,0.033908948,-0.063010401,0.002735545
10/15/2022,0.9576,0.028257457,-0.063010401,0.002274821
10/16/2022,0.9506,0.037676609,-0.063010401,0.009473624
10/17/2022,0.9545,0.031397174,-0.063010401,0.006584504
10/18/2022,0.9615,0.031397174,-0.063010401,-0.001218997
10/19/2022,0.9686,0.027315542,-0.063010401,-0.002697151
10/20/2022,0.9775,0.024489796,-0.063010401,-0.002697151
10/21/2022,0.9775,0.024489796,-0.063010401,-0.002697151
10/22/2022,0.9639,0.029827316,-0.063010401,0.000671888
10/23/2022,0.9412,0.027315542,-0.063010401,-0.000115181
10/24/2022,0.9202,0.0288854,-0.063010401,-0.00552868
10/25/2022,0.945,0.031397174,-0.063010401,-0.002639561
10/26/2022,0.9548,0.036734694,-0.063010401,0.00108462
10/27/2022,0.9492,0.036734694,-0.063010401,0.00108462
10/28/2022,0.9492,0.036734694,-0.063010401,0.00108462
10/29/2022,0.9686,0.033281005,-0.063010401,0.006094986
10/30/2022,0.9704,0.03610675,-0.063010401,0.008283422
10/31/2022,0.9682,0.047409733,-0.063010401,0.018294556
11/1/2022,0.9701,0.060596546,-0.05883346,0.036934654
11/2/2022,0.9482,0.09010989,-0.069953156,0.068071873
11/3/2022,0.9512,0.101412873,-0.069953156,0.068071873
11/4/2022,0.9512,0.101412873,-0.069953156,0.068071873
11/5/2022,0.969,0.130298273,-0.036876294,0.090282577
11/6/2022,0.9893,0.135007849,-0.019491186,0.066670506
11/7/2022,1.0121,0.157927787,0.012908334,0.078409353
11/8/2022,1.0169,0.133437991,0.039606893,0.056448207
11/9/2022,1.0258,0.11522763,0.025552049,0.057456039
11/10/2022,1.0337,0.103610675,0.025552049,0.057456039
11/11/2022,1.0337,0.103610675,0.025552049,0.057456039
11/12/2022,1.0224,0.102040816,0.025552049,0.054499731
11/13/2022,1.0098,0.114599686,0.025552049,0.05943331
11/14/2022,1.0006,0.121821036,0.025552049,0.070817016
11/15/2022,1.0155,0.124960754,0.025552049,0.089562697
11/16/2022,1.0257,0.116797488,0.025552049,0.08611687
11/17/2022,1.0435,0.106750393,0.025552049,0.08611687
11/18/2022,1.0435,0.106750393,0.025552049,0.08611687
11/19/2022,1.0248,0.110204082,0.025552049,0.08281502
11/20/2022,1.0242,0.108948195,0.025552049,0.0943523
11/21/2022,1.0352,0.10989011,0.025552049,0.094707441
11/22/2022,1.0683,0.114599686,0.025552049,0.100466482
11/23/2022,1.0413,0.106750393,0.025552049,0.100879214
11/24/2022,1.0639,0.108320251,0.025552049,0.100879214
11/25/2022,1.0639,0.108320251,0.025552049,0.100879214
11/26/2022,1.0634,0.119309262,0.025552049,0.113078784
11/27/2022,1.0357,0.130298273,0.025552049,0.131123781
11/28/2022,1.0574,0.131868132,0.025552049,0.134483222
11/29/2022,1.0617,0.127158556,0.025552049,0.120258389
11/30/2022,1.0765,0.141287284,0.025552049,0.128071489
12/1/2022,1.0876,0.135321821,0.025552049,0.128071489
12/2/2022,1.0876,0.135321821,0.025552049,0.128071489
12/3/2022,1.1151,0.134065934,0.025552049,0.135135913
12/4/2022,1.1177,0.140345369,0.017076413,0.152134685
12/5/2022,1.1364,0.141287284,0.004645479,0.167472933
12/6/2022,1.1325,0.136577708,0.005210521,0.155081395
12/7/2022,1.158,0.138461539,0.000125139,0.14867926
12/8/2022,1.1461,0.145054945,0.000125139,0.14867926
12/9/2022,1.1461,0.145054945,0.000125139,0.14867926
12/10/2022,1.135,0.161695447,0.000125139,0.171053137
12/11/2022,1.1472,0.174254317,0.000125139,0.189491669
12/12/2022,1.1347,0.191522763,0.000125139,0.202151962
12/13/2022,1.0684,0.210361068,0.000125139,0.207901405
12/14/2022,1.0818,0.198744113,0.000125139,0.205751363
12/15/2022,1.087,0.206593407,0.000125139,0.205751363
12/16/2022,1.087,0.206593407,0.000125139,0.205751363
12/17/2022,1.0615,0.239246468,0.000125139,0.211184059
12/18/2022,1.0393,0.233594977,0.000125139,0.219486677
12/19/2022,1.0516,0.250235479,0.000125139,0.219582661
12/20/2022,1.0364,0.221350079,0.000125139,0.218728404
12/21/2022,1.0808,0.243956044,0.000125139,0.211692774
12/22/2022,1.0761,0.260596546,0.000125139,0.211692774
12/23/2022,1.0761,0.260596546,0.000125139,0.211692774
12/24/2022,1.0407,0.274725275,0.000125139,0.2481955
12/25/2022,1.0192,0.289795918,0.000125139,0.267699455
12/26/2022,1.0316,0.303610675,0.000125139,0.288595178
12/27/2022,1.0316,0.326844584,0.000125139,0.288595178
12/28/2022,1.0003,0.379905809,0.000125139,0.331202488
12/29/2022,1.0132,0.346938776,0.000125139,0.331202488
12/30/2022,1.0132,0.346938776,0.000125139,0.331202488
12/31/2022,1.0711,0.254317112,0.000125139,0.236821393
1/1/2023,1.0669,0.285714286,0.000125139,0.259886355
1/2/2023,1.0601,0.25588697,0.016039612,0.298059203
1/3/2023,1.0837,0.259026688,0.019023575,0.266010136
1/4/2023,1.1019,0.248037677,-0.00186417,0.279649466
1/5/2023,1.1136,0.257456829,-0.00186417,0.279649466
1/6/2023,1.1136,0.257456829,-0.00186417,0.279649466
1/7/2023,1.1083,0.301412873,0.014050303,0.317313599
1/8/2023,1.0892,0.287284144,0.048863211,0.342000691
1/9/2023,1.0884,0.284772371,0.050355193,0.329138831
1/10/2023,1.1205,0.282574568,0.073232248,0.331471243
1/11/2023,1.135,0.291993721,0.068258975,0.33125048
1/12/2023,1.1257,0.292621664,0.068258975,0.33125048
1/13/2023,1.1257,0.292621664,0.068258975,0.33125048
1/14/2023,1.1192,0.282574568,0.04190063,0.34988098
1/15/2023,1.1192,0.285714286,0.04190063,0.34988098
1/16/2023,1.1257,0.297645212,0.074724229,0.357809261
1/17/2023,1.0583,0.318053375,0.066766993,0.374385702
1/18/2023,1.0132,0.350078493,0.069253629,0.415601244
1/19/2023,0.9267,0.345682889,0.069253629,0.415601244
1/20/2023,0.9267,0.345682889,0.069253629,0.415601244
1/21/2023,0.9659,0.412872841,0.041403302,0.52019504
1/22/2023,1.0296,0.408791209,0.039911321,0.619461722
1/23/2023,1.0194,0.405965463,0.050852521,0.53136758
1/24/2023,1.03,0.351648352,0.027975466,0.4477175
1/25/2023,1.1313,0.372684458,0.002611775,0.445980189
1/26/2023,1.0702,0.396232339,0.002611775,0.445980189
1/27/2023,1.0702,0.396232339,0.002611775,0.445980189
1/28/2023,1.2413,0.377708006,0.006093066,0.523573677
1/29/2023,1.2309,0.408163265,-0.043639661,0.557532827
1/30/2023,1.2581,0.398744113,-0.038666388,0.56538432
1/31/2023,1.2766,0.403453689,-0.01827597,0.534371881
2/1/2023,1.2687,0.402511774,-0.024243897,0.563455041
2/2/2023,1.1736,0.412872841,-0.024243897,0.563455041
2/3/2023,1.1736,0.412872841,-0.024243897,0.563455041
2/4/2023,1.1736,0.408791209,-0.024243897,0.563455041
2/5/2023,1.2506,0.40533752,-0.014794679,0.542559318
2/6/2023,1.2694,0.401255887,-0.029714497,0.566699301
2/7/2023,1.3009,0.389324961,-0.014794679,0.565173155
2/8/2023,1.2672,0.402511774,-0.01827597,0.569031713
2/9/2023,1.2193,0.417268446,-0.01827597,0.569031713
2/10/2023,1.2193,0.417268446,-0.01827597,0.569031713
2/11/2023,1.2193,0.422919937,-0.01827597,0.569031713
2/12/2023,1.2278,0.441758242,-0.011313388,0.638476158
2/13/2023,1.287,0.433908948,-0.019767952,0.673059203
2/14/2023,1.3028,0.443642072,-0.010816061,0.716290409
2/15/2023,1.2971,0.484144427,-0.033195788,0.774946249
2/16/2023,1.2229,0.492935636,-0.033195788,0.774946249
2/17/2023,1.2229,0.492935636,-0.033195788,0.774946249
2/18/2023,1.2229,0.496703297,-0.033195788,0.774946249
2/19/2023,1.2953,0.551020408,-0.019270624,0.915140521
2/20/2023,1.2497,0.564835165,0.019520903,0.874692851
2/21/2023,1.2653,0.569858713,0.073729575,0.81508677
2/22/2023,1.3019,0.609733124,0.073729575,0.892344314
2/23/2023,1.2537,0.649921507,0.073729575,0.892344314
2/24/2023,1.2537,0.649921507,0.073729575,0.892344314
2/25/2023,1.3556,0.800627944,0.180157611,1.062466406
2/26/2023,1.4495,0.803767661,0.184136229,1.093814789
2/27/2023,1.4159,0.833594977,0.179162956,0.97812524
2/28/2023,1.417,0.747252747,0.179660283,0.939059741
3/1/2023,1.4182,0.686028258,0.153301938,0.824723566
3/2/2023,1.4182,0.703296703,0.153301938,0.824723566
3/3/2023,1.4182,0.703296703,0.153301938,0.824723566
3/4/2023,1.4207,0.687598116,0.125451611,0.91556285
3/5/2023,1.422,0.588697017,0.139874102,0.840397758
3/6/2023,1.4124,0.541601256,0.125451611,0.761182139
3/7/2023,1.4107,0.610675039,0.157777884,0.695557859
3/8/2023,1.4107,0.588697017,0.157777884,0.695557859
3/9/2023,1.4125,0.563579278,0.157777884,0.695557859
3/10/2023,1.4125,0.563579278,0.157777884,0.695557859
3/11/2023,1.4256,0.37833595,0.155788574,0.562725563
3/12/2023,1.411,0.375196232,0.120478338,0.602338171
3/13/2023,1.4126,0.422291994,0.124954284,0.629069723
3/14/2023,1.4344,0.491365777,0.123462302,0.695461875
3/15/2023,1.4113,0.450549451,0.173692356,0.725927206
3/16/2023,1.3815,0.461538462,0.173692356,0.725927206
3/17/2023,1.3815,0.461538462,0.173692356,0.725927206
3/18/2023,1.3815,0.47566719,0.235858265,0.832411887
3/19/2023,1.4116,0.510204082,0.26768721,0.89867926
3/20/2023,1.4116,0.510204082,0.26768721,0.89867926
3/21/2023,1.4116,0.510204082,0.26768721,0.89867926
3/22/2023,1.4116,0.510204082,0.26768721,0.89867926
3/23/2023,1.4116,0.510204082,0.26768721,0.89867926
3/24/2023,1.4116,0.510204082,0.26768721,0.89867926
3/25/2023,1.4129,0.591836735,0.306976064,1.007496353
3/26/2023,1.4402,0.59811617,0.30051081,0.934634877
3/27/2023,1.4106,0.605965463,0.279623065,0.971751901
3/28/2023,1.4067,0.64678179,0.296532192,0.992762804
3/29/2023,1.4063,0.690737834,0.321398555,1.059202949
3/30/2023,1.3944,0.725274725,0.321398555,1.059202949
3/31/2023,1.3944,0.725274725,0.321398555,1.059202949
4/1/2023,1.3944,0.692307692,0.321398555,1.059202949
4/2/2023,1.3944,0.676609105,0.321398555,1.059202949
4/3/2023,1.4368,0.610675039,0.330847773,1.035485295
4/4/2023,1.464,0.605965463,0.350243537,0.938493435
4/5/2023,1.4386,0.580847724,0.360687409,1.000844659
4/6/2023,1.436,0.594976452,0.360687409,1.000844659
4/7/2023,1.436,0.594976452,0.360687409,1.000844659
4/8/2023,1.4327,0.602825746,0.409425482,0.991447823
4/9/2023,1.4359,0.580847724,0.428821245,0.982434923
4/10/2023,1.4539,0.582417582,0.401965573,0.916157951
4/11/2023,1.4743,0.612244898,0.384061791,0.966136835
4/12/2023,1.4743,0.602825746,0.384061791,0.966136835
4/13/2023,1.4802,0.594976452,0.384061791,0.966136835
4/14/2023,1.4802,0.594976452,0.384061791,0.966136835
4/15/2023,1.4721,0.599686028,0.445233045,0.947861476
4/16/2023,1.4824,0.610675039,0.465126136,0.93785994
4/17/2023,1.4817,0.612244898,0.466120791,0.977923674
4/18/2023,1.4883,0.624803768,0.494468445,0.9657433
4/19/2023,1.4838,0.623233909,0.49347379,0.985919143
4/20/2023,1.4595,0.613814757,0.49347379,0.985919143
4/21/2023,1.4595,0.613814757,0.49347379,0.985919143
4/22/2023,1.4595,0.626373626,0.49347379,0.985919143
4/23/2023,1.4595,0.624803768,0.49347379,0.985919143
4/24/2023,1.4942,0.627943485,0.478553972,0.984844122
4/25/2023,1.5494,0.626373626,0.51535619,0.985727175
4/26/2023,1.4938,0.64678179,0.500933699,1.053578285
4/27/2023,1.4703,0.681318681,0.500933699,1.053578285
4/28/2023,1.4703,0.681318681,0.500933699,1.053578285
4/29/2023,1.4882,0.716797488,0.558126335,1.198303002
4/30/2023,1.5391,0.722135008,0.604875099,1.248944176
5/1/2023,1.5484,0.74945055,0.588960626,1.281617139
5/2/2023,1.5345,0.709576138,0.599404499,1.199713968
5/3/2023,1.5138,0.697017268,0.603383117,1.191968057
5/4/2023,1.4805,0.697959184,0.603383117,1.191968057
5/5/2023,1.4805,0.697959184,0.603383117,1.191968057
5/6/2023,1.548,0.675039247,0.604377772,1.180075635
5/7/2023,1.5411,0.653061225,0.541217208,1.060527528
5/8/2023,1.541,0.682260597,0.439762445,1.088698841
5/9/2023,1.5645,0.670957614,0.485019227,1.110189664
5/10/2023,1.6063,0.665620094,0.472586045,1.058579052
5/11/2023,1.5981,0.666248038,0.472586045,1.058579052
5/12/2023,1.5981,0.666248038,0.472586045,1.058579052
5/13/2023,1.6322,0.636734694,0.365163355,0.998473854
5/14/2023,1.6553,0.612244898,0.490987154,1.014119251
5/15/2023,1.6519,0.63422292,0.476067336,0.975351302
5/16/2023,1.6519,0.62166405,0.476067336,0.975351302
5/17/2023,1.6646,0.609105181,0.499939045,0.929403747
5/18/2023,1.6553,0.613814757,0.499939045,0.929403747
5/19/2023,1.6553,0.613814757,0.499939045,0.929403747
5/20/2023,1.6507,0.613814757,0.483029918,0.943906934
5/21/2023,1.643,0.626373626,0.493971118,1.021529218
5/22/2023,1.6436,0.643642072,0.488500518,1.068484604
5/23/2023,1.64,0.638932496,0.49347379,1.052253705
5/24/2023,1.6482,0.618524333,0.497949736,1.046120326
5/25/2023,1.6775,0.621036107,0.497949736,1.046120326
5/26/2023,1.6775,0.621036107,0.497949736,1.046120326
5/27/2023,1.6732,0.632025118,0.468607427,0.985026492
5/28/2023,1.6709,0.616954474,0.4407571,0.960253014
5/29/2023,1.6756,0.625745683,0.450703645,0.976493512
5/30/2023,1.6842,0.613186813,0.477061991,0.955041081
5/31/2023,1.6967,0.59811617,0.454184936,0.902038701
6/1/2023,1.6827,0.610675039,0.454184936,0.902038701
6/2/2023,1.6827,0.610675039,0.454184936,0.902038701
6/3/2023,1.7037,0.591208791,0.459655536,0.901549182
6/4/2023,1.7037,0.59811617,0.459655536,0.901549182
6/5/2023,1.7037,0.604395604,0.459655536,0.901549182
6/6/2023,1.6945,0.597488226,0.469104754,0.901424403
6/7/2023,1.723,0.56577708,0.459158209,0.846281579
6/8/2023,1.72,0.54945055,0.459158209,0.846281579
6/9/2023,1.72,0.54945055,0.459158209,0.846281579
6/10/2023,1.7053,0.54945055,0.395997646,0.802724027
6/11/2023,1.7053,0.479434851,0.396494973,0.774850265
6/12/2023,1.7765,0.512715856,0.365163355,0.756517316
6/13/2023,1.7491,0.563579278,0.419869355,0.833218153
6/14/2023,1.7712,0.533751962,0.420864009,0.833362129
6/15/2023,1.7657,0.532182104,0.420864009,0.833362129
6/16/2023,1.7726,0.532182104,0.420864009,0.833362129
6/17/2023,1.756,0.551020408,0.379088518,0.837422253
6/18/2023,1.76,0.546310832,0.372125937,0.801015511
6/19/2023,1.7716,0.53155416,0.357206119,0.755250326
6/20/2023,1.76,0.533124019,0.374612573,0.779380711
6/21/2023,1.7541,0.530612245,0.385056446,0.778372879
6/22/2023,1.7527,0.551020408,0.385056446,0.778372879
6/23/2023,1.7527,0.551020408,0.385056446,0.778372879
6/24/2023,1.7387,0.59811617,0.382072482,0.802493665
6/25/2023,1.7461,0.568288854,0.403457555,0.806822545
6/26/2023,1.7645,0.563579278,0.399976264,0.78413192
6/27/2023,1.7776,0.548822606,0.380083173,0.796341089
6/28/2023,1.7857,0.54945055,0.383067137,0.794018275
6/29/2023,1.7857,0.54945055,0.383067137,0.794018275
6/30/2023,1.7857,0.54945055,0.383067137,0.794018275
7/1/2023,1.7818,0.564835165,0.382072482,0.824522
7/2/2023,1.7888,0.571428571,0.387045755,0.857281348
7/3/2023,1.7299,0.577708006,0.399976264,0.868185134
7/4/2023,1.7793,0.576138148,0.411912118,0.840829686
7/5/2023,1.8016,0.580847724,0.422355991,0.838295708
7/6/2023,1.7933,0.590266876,0.422355991,0.838295708
7/7/2023,1.7933,0.590266876,0.422355991,0.838295708
7/8/2023,1.7953,0.566091052,0.401468246,0.839908239
7/9/2023,1.8116,0.568288854,0.3860511,0.818244644
7/10/2023,1.8384,0.56577708,0.370633955,0.795803578
7/11/2023,1.8416,0.544740973,0.349248882,0.770339016
7/12/2023,1.841,0.546310832,0.324879846,0.769782308
7/13/2023,1.8208,0.547880691,0.324879846,0.769782308
7/14/2023,1.8208,0.547880691,0.324879846,0.769782308
7/15/2023,1.8371,0.535321821,0.318911919,0.784487061
7/16/2023,1.8513,0.522762951,0.273655137,0.747466022
7/17/2023,1.8523,0.533751962,0.25674601,0.755682255
7/18/2023,1.8515,0.533751962,0.277136428,0.769887891
7/19/2023,1.8759,0.522762951,0.281612374,0.750230362
7/20/2023,1.8513,0.528414443,0.281612374,0.750230362
7/21/2023,1.8513,0.528414443,0.281612374,0.750230362
7/22/2023,1.867,0.527472528,0.25674601,0.738174768
7/23/2023,1.8832,0.51711146,0.257243337,0.705904937
7/24/2023,1.8736,0.52433281,0.270671174,0.715724104
7/25/2023,1.8806,0.535321821,0.258237992,0.74970245
7/26/2023,1.908,0.536263736,0.252270065,0.784275897
7/27/2023,1.908,0.536263736,0.252270065,0.784275897
7/28/2023,1.908,0.536263736,0.252270065,0.784275897
7/29/2023,1.8745,0.540973312,0.247794119,0.782106658
7/30/2023,1.8851,0.532810047,0.21497052,0.783517623
7/31/2023,1.9041,0.548822606,0.227403701,0.799259003
8/1/2023,1.8898,0.578649922,0.241826192,0.873176304
8/2/2023,1.8898,0.57299843,0.241826192,0.873176304
8/3/2023,1.8898,0.576138148,0.241826192,0.873176304
8/4/2023,1.8898,0.576138148,0.241826192,0.873176304
8/5/2023,1.8835,0.552590267,0.286585646,0.844208324
8/6/2023,1.915,0.558869702,0.285590992,0.825193888
8/7/2023,1.9349,0.556357928,0.296532192,0.8221128
8/8/2023,1.9311,0.54945055,0.285590992,0.805258005
8/9/2023,1.9402,0.556985871,0.287082974,0.819626814
8/10/2023,1.9113,0.543171115,0.287082974,0.819626814
8/11/2023,1.9113,0.543171115,0.287082974,0.819626814
8/12/2023,1.9516,0.530612245,0.250280756,0.757227597
8/13/2023,1.9438,0.544740973,0.258237992,0.789094295
8/14/2023,1.9513,0.547880691,0.259729974,0.786589112
8/15/2023,1.9544,0.547880691,0.248291447,0.778910389
8/16/2023,1.9787,0.536263736,0.249783428,0.775704523
8/17/2023,1.9911,0.53689168,0.249783428,0.775704523
8/18/2023,1.9911,0.53689168,0.249783428,0.775704523
8/19/2023,1.9959,0.534693878,0.252270065,0.750806266
8/20/2023,2.0091,0.530612245,0.241328865,0.758302618
8/21/2023,2.0185,0.530612245,0.242820847,0.751410965
8/22/2023,2.0049,0.547880691,0.239339556,0.766230899
8/23/2023,2.0179,0.542543171,0.254756701,0.774562313
8/24/2023,2.014,0.544740973,0.254756701,0.774562313
8/25/2023,2.014,0.544740973,0.254756701,0.774562313
8/26/2023,2.0078,0.53689168,0.290564264,0.757323581
8/27/2023,2.0164,0.543171115,0.326371828,0.764109652
8/28/2023,2.0464,0.540031397,0.336815701,0.763322583
8/29/2023,2.0615,0.542229199,0.340794319,0.760347078
8/30/2023,2.0393,0.542543171,0.3532275,0.766739615
8/31/2023,2.0383,0.540345369,0.3532275,0.766739615
9/1/2023,2.0383,0.540345369,0.3532275,0.766739615
9/2/2023,2.0397,0.55321821,0.341291646,0.764205636
9/3/2023,2.0386,0.558869702,0.358200773,0.79302964
9/4/2023,2.0627,0.557927787,0.3751099,0.782337019
9/5/2023,2.0665,0.558869702,0.378093864,0.770156646
9/6/2023,2.0665,0.554788069,0.378093864,0.770156646
9/7/2023,2.0599,0.55855573,0.378093864,0.770156646
9/8/2023,2.0599,0.55855573,0.378093864,0.770156646
9/9/2023,2.0598,0.563265306,0.364666028,0.783037703
9/10/2023,2.0837,0.559497645,0.365660682,0.773612071
9/11/2023,2.0791,0.557299843,0.354222155,0.774619903
9/12/2023,2.0751,0.561381476,0.366655337,0.761402903
9/13/2023,2.0958,0.567974882,0.389035064,0.776779544
9/14/2023,2.0958,0.562009419,0.389035064,0.776779544
9/15/2023,2.0958,0.562009419,0.389035064,0.776779544
9/16/2023,2.0958,0.56043956,0.389035064,0.776779544
9/17/2023,2.0899,0.558241758,0.384559118,0.768755279
9/18/2023,2.1169,0.555416013,0.379585846,0.750815864
9/19/2023,2.1634,0.557299843,0.383564464,0.748982569
9/20/2023,2.1666,0.542229199,0.365163355,0.73299163
9/21/2023,2.1689,0.551020408,0.365163355,0.73299163
9/22/2023,2.1406,0.551020408,0.365163355,0.73299163
9/23/2023,2.1406,0.549136578,0.359692755,0.720081778
9/24/2023,2.1661,0.551020408,0.359692755,0.720081778
9/25/2023,2.1661,0.554160126,0.347259573,0.710233817
9/26/2023,2.1808,0.54945055,0.345270264,0.708842049
9/27/2023,2.1804,0.553532182,0.348751555,0.697554327
9/28/2023,2.1713,0.561695447,0.348751555,0.697554327
9/29/2023,2.1713,0.561695447,0.348751555,0.697554327
9/30/2023,2.1772,0.557299843,0.330350446,0.682983952
10/1/2023,2.1615,0.556357928,0.318414592,0.694655609
10/2/2023,2.1394,0.55855573,0.327366482,0.700750595
10/3/2023,2.1394,0.557927787,0.327366482,0.700750595
10/4/2023,2.1105,0.558241758,0.33333441,0.693666974
10/5/2023,2.0849,0.569858713,0.33333441,0.693666974
10/6/2023,2.0849,0.569858713,0.33333441,0.693666974
10/7/2023,2.1271,0.591836735,0.315430628,0.738289949
10/8/2023,2.123,0.646153846,0.282607028,0.849468249
10/9/2023,2.1567,0.656200942,0.287580301,0.896250864
10/10/2023,2.2035,0.642072214,0.287580301,0.815470706
10/11/2023,2.282,0.62166405,0.287580301,0.810421946
10/12/2023,2.2492,0.618524333,0.287580301,0.810421946
10/13/2023,2.2492,0.618524333,0.287580301,0.810421946
10/14/2023,2.2078,0.602825746,0.287580301,0.841069646
10/15/2023,2.1964,0.596546311,0.287580301,0.825251478
10/16/2023,2.1768,0.580847724,0.287580301,0.793423174
10/17/2023,2.2013,0.601255887,0.287580301,0.813205483
10/18/2023,2.1979,0.610675039,0.287580301,0.85432504
10/19/2023,2.2019,0.607535322,0.287580301,0.85432504
10/20/2023,2.2019,0.607535322,0.287580301,0.85432504
10/21/2023,2.2158,0.576766091,0.287580301,0.829599555
10/22/2023,2.2847,0.589324961,0.287580301,0.835444982
10/23/2023,2.2131,0.593406593,0.287580301,0.837355064
10/24/2023,2.1554,0.594976452,0.287580301,0.840349766
10/25/2023,2.1554,0.605965463,0.287580301,0.850764033
10/26/2023,2.1372,0.623233909,0.287580301,0.850764033
10/27/2023,2.1372,0.623233909,0.287580301,0.850764033
10/28/2023,2.1969,0.637362637,0.287580301,0.916820241
10/29/2023,2.2761,0.612244898,0.287580301,0.87157337
10/30/2023,2.2283,0.618524333,0.287580301,0.857002995
10/31/2023,2.1898,0.620094192,0.287580301,0.867580435
11/1/2023,2.1859,0.625431711,0.258735319,0.872869155
11/2/2023,2.18,0.637362637,0.258735319,0.872869155
11/3/2023,2.18,0.637362637,0.258735319,0.872869155
11/4/2023,2.2132,0.60533752,0.291558919,0.843814789
11/5/2023,2.2835,0.612244898,0.312446664,0.852117408
11/6/2023,2.2637,0.612244898,0.308965373,0.841837518
11/7/2023,2.2924,0.606593407,0.323885192,0.827622284
11/8/2023,2.2955,0.605965463,0.313938646,0.833093373
11/9/2023,2.3427,0.613814757,0.313938646,0.833093373
11/10/2023,2.3427,0.613814757,0.313938646,0.833093373
11/11/2023,2.3434,0.612244898,0.313938646,0.836414421
11/12/2023,2.3428,0.613186813,0.313938646,0.835176227
11/13/2023,2.348,0.606593407,0.313938646,0.838785226
11/14/2023,2.3569,0.603767661,0.313938646,0.830079475
11/15/2023,2.3723,0.596546311,0.313938646,0.839697074
11/16/2023,2.4265,0.597488226,0.313938646,0.839697074
11/17/2023,2.4265,0.597488226,0.313938646,0.839697074
11/18/2023,2.4225,0.589952904,0.313938646,0.832651847
11/19/2023,2.4391,0.579277865,0.313938646,0.824301236
11/20/2023,2.4048,0.579277865,0.313938646,0.808780619
11/21/2023,2.4104,0.575510204,0.313938646,0.821652077
11/22/2023,2.4269,0.575196232,0.313938646,0.825040313
11/23/2023,2.4243,0.577708006,0.313938646,0.825040313
11/24/2023,2.4243,0.577708006,0.313938646,0.825040313
11/25/2023,2.4001,0.583045526,0.313938646,0.833746065
11/26/2023,2.4458,0.577708006,0.313938646,0.833314137
11/27/2023,2.444,0.577708006,0.313938646,0.837211088
11/28/2023,2.4592,0.576138148,0.313938646,0.834091607
11/29/2023,2.4349,0.584615385,0.313938646,0.840176995
11/30/2023,2.4268,0.586185243,0.313938646,0.840176995
12/1/2023,2.4268,0.586185243,0.313938646,0.840176995
12/2/2023,2.4059,0.583045526,0.337810355,0.868655456
12/3/2023,2.4427,0.583987441,0.393013682,0.875124779
12/4/2023,2.4766,0.587127159,0.405446864,0.880653459
12/5/2023,2.5171,0.581789639,0.406938846,0.863654688
12/6/2023,2.5348,0.579277865,0.4024629,0.857386931
12/7/2023,2.5272,0.577708006,0.4024629,0.857386931
12/8/2023,2.5272,0.577708006,0.4024629,0.857386931
12/9/2023,2.5445,0.583045526,0.398484282,0.844438685
12/10/2023,2.5536,0.580533752,0.398484282,0.852875682
12/11/2023,2.5778,0.583987441,0.398484282,0.845475313
12/12/2023,2.5739,0.580847724,0.398484282,0.845043385
12/13/2023,2.559,0.581475667,0.398484282,0.845667281
12/14/2023,2.5062,0.581789639,0.398484282,0.845667281
12/15/2023,2.5062,0.581789639,0.398484282,0.845667281
12/16/2023,2.5284,0.579905809,0.398484282,0.851301543
12/17/2023,2.5284,0.581161695,0.398484282,0.851301543
12/18/2023,2.5332,0.576138148,0.398484282,0.847788528
12/19/2023,2.5302,0.570486656,0.398484282,0.843123704
12/20/2023,2.535,0.562009419,0.398484282,0.845830454
12/21/2023,2.514,0.567346939,0.398484282,0.845830454
12/22/2023,2.514,0.567346939,0.398484282,0.845830454
12/23/2023,2.4868,0.571428571,0.398484282,0.853624357
12/26/2023,2.4854,0.568288854,0.398484282,0.862675651
12/27/2023,2.4739,0.57299843,0.398484282,0.865708746
12/28/2023,2.4566,0.57299843,0.398484282,0.865708746
12/29/2023,2.4566,0.57299843,0.398484282,0.865708746
12/30/2023,2.4744,0.587127159,0.398484282,0.879338478
12/31/2023,2.4888,0.586185243,0.398484282,0.881411733
1/1/2024,2.4666,0.587127159,0.404949536,0.882419565
1/2/2024,2.4798,0.587127159,0.3860511,0.899907855
1/3/2024,2.4971,0.594976452,0.400473591,0.909899793
1/4/2024,2.4485,0.609105181,0.400473591,0.909899793
1/5/2024,2.4485,0.609105181,0.400473591,0.909899793
1/6/2024,2.4926,0.599686028,0.393013682,0.903651232
1/7/2024,2.5053,0.599372057,0.381575155,0.924268602
1/8/2024,2.5124,0.599058085,0.385553773,0.928779851
1/9/2024,2.4249,0.613814757,0.391024373,0.945337096
1/10/2024,2.4236,0.631083203,0.406441518,1.018054596
1/11/2024,2.4395,0.615384615,0.406441518,1.018054596
1/12/2024,2.4395,0.615384615,0.406441518,1.018054596
1/13/2024,2.4673,0.643642072,0.426831936,1.082171927
1/14/2024,2.6386,0.635164835,0.440259773,1.071978423
1/15/2024,2.5015,0.648351648,0.428821245,0.997993934
1/16/2024,2.5195,0.662480377,0.427329264,1.038432005
1/17/2024,2.4069,0.687598116,0.421858664,1.032855333
1/18/2024,2.4045,0.697017268,0.421858664,1.032855333
1/19/2024,2.4045,0.697017268,0.421858664,1.032855333
1/20/2024,2.4229,0.701098901,0.415393409,1.033709591
1/21/2024,2.5011,0.690737834,0.401468246,1.093190893
1/22/2024,2.5051,0.69544741,0.404949536,1.104248253
1/23/2024,2.5346,0.723076923,0.386548427,1.187898334
1/24/2024,2.6019,0.740973312,0.426334609,1.202843047
1/25/2024,2.6019,0.730612245,0.426334609,1.202843047
1/26/2024,2.6019,0.730612245,0.426334609,1.202843047
1/27/2024,2.5872,0.755729984,0.433297191,1.217710973
1/28/2024,2.5737,0.761381476,0.436281154,1.176284266
1/29/2024,2.5764,0.827315542,0.439265118,1.246237426
1/30/2024,2.6525,0.832025118,0.427329264,1.239211395
1/31/2024,2.5662,0.836734694,0.427826591,1.15487023
2/1/2024,2.568,0.819466248,0.427826591,1.15487023
2/2/2024,2.568,0.819466248,0.427826591,1.15487023
2/3/2024,2.5525,0.770800628,0.412906773,1.063973355
2/4/2024,2.5209,0.729984301,0.382569809,1.0552868
2/5/2024,2.5069,0.736263736,0.384559118,1.027441834
2/6/2024,2.521,0.734693878,0.370136628,1.053520694
2/7/2024,2.5656,0.755102041,0.384061791,1.081202488
2/8/2024,2.5656,0.748822606,0.384061791,1.081202488
2/9/2024,2.5656,0.748822606,0.384061791,1.081202488
2/10/2024,2.5596,0.726216641,0.368147319,1.062178454
2/11/2024,2.5596,0.732182104,0.368147319,1.062178454
2/12/2024,2.5886,0.73155416,0.3586981,1.08744145
2/13/2024,2.592,0.743485086,0.351238191,1.078514935
2/14/2024,2.6045,0.745682889,0.346264919,1.079820318
2/15/2024,2.5733,0.757613815,0.346264919,1.079820318
2/16/2024,2.5733,0.757613815,0.346264919,1.079820318
2/17/2024,2.5824,0.775510204,0.33333441,1.099381863
2/18/2024,2.6055,0.789638933,0.362179391,1.150810105
2/19/2024,2.6325,0.789638933,0.3586981,1.144667127
2/20/2024,2.6373,0.773940345,0.349248882,1.107492513
2/21/2024,2.6439,0.789010989,0.347259573,1.131603701
2/22/2024,2.6297,0.796546311,0.347259573,1.131603701
2/23/2024,2.6297,0.796546311,0.347259573,1.131603701
2/24/2024,2.6525,0.797488226,0.345767591,1.166013975
2/25/2024,2.6525,0.80533752,0.345767591,1.166013975
2/26/2024,2.6542,0.821978022,0.327366482,1.165572449
2/27/2024,2.689,0.840502355,0.334329064,1.166215542
2/28/2024,2.6687,0.826373626,0.332837082,1.160408508
2/29/2024,2.6561,0.836734694,0.332837082,1.160408508
3/1/2024,2.6561,0.836734694,0.332837082,1.160408508
3/2/2024,2.6643,0.862480377,0.379585846,1.214111572
3/3/2024,2.636,0.869701727,0.4188747,1.177205713
3/4/2024,2.6292,0.893877551,0.406938846,1.221415956
3/5/2024,2.6205,0.913029827,0.432799864,1.279563081
3/6/2024,2.6643,0.901098901,0.426831936,1.300919527
3/7/2024,2.6388,0.912087912,0.426831936,1.300919527
3/8/2024,2.6388,0.912087912,0.426831936,1.300919527
3/9/2024,2.7064,0.893877551,0.423847973,1.343795592
3/10/2024,2.6749,0.864992151,0.419869355,1.266787607
3/11/2024,2.6856,0.880690738,0.426334609,1.283479229
3/12/2024,2.7067,0.874411303,0.425339955,1.27950549
3/13/2024,2.7158,0.871271586,0.406441518,1.265232665
3/14/2024,2.7176,0.864992151,0.406441518,1.265232665
3/15/2024,2.7176,0.864992151,0.406441518,1.265232665
3/16/2024,2.732,0.885400314,0.411414791,1.290783614
3/17/2024,2.7595,0.885400314,0.438270464,1.341722337
3/18/2024,2.8005,0.899529042,0.466120791,1.41111879
3/19/2024,2.8005,0.899529042,0.466120791,1.41111879
3/20/2024,2.8005,0.899529042,0.466120791,1.41111879
3/21/2024,2.8005,0.899529042,0.466120791,1.41111879
3/22/2024,2.8005,0.899529042,0.466120791,1.41111879
3/23/2024,2.8005,0.899529042,0.466120791,1.41111879
3/24/2024,2.8168,0.940973312,0.515853518,1.505739845
3/25/2024,2.7927,0.92244898,0.512869554,1.476426323
3/26/2024,2.7684,0.909576138,0.508890936,1.436765722
3/27/2024,2.8,0.925274725,0.515853518,1.481647854
3/28/2024,2.7978,0.935321821,0.515853518,1.481647854
3/29/2024,2.7978,0.935321821,0.515853518,1.481647854
3/30/2024,2.8487,0.927786499,0.509388263,1.540063733
3/31/2024,2.8487,0.93877551,0.509388263,1.540063733
4/1/2024,2.8487,0.959183674,0.509388263,1.540063733
4/2/2024,2.8414,0.982103611,0.485516554,1.679490133
4/3/2024,2.8472,0.998430141,0.495960427,1.724554634
4/4/2024,2.7084,1.021978022,0.495960427,1.724554634
4/5/2024,2.7084,1.021978022,0.495960427,1.724554634
4/6/2024,2.7426,1.058084772,0.471094063,1.811554557
4/7/2024,2.7285,1.01255887,0.452692954,1.670323658
4/8/2024,2.7211,0.995290424,0.500933699,1.595590494
4/9/2024,2.7322,1.011930926,0.494965772,1.720292943
4/10/2024,2.7322,1.03610675,0.494965772,1.720292943
4/11/2024,2.7322,1.025117739,0.494965772,1.720292943
4/12/2024,2.7322,1.025117739,0.494965772,1.720292943
4/13/2024,2.7311,1.086342229,0.486511209,1.873742609
4/14/2024,2.7906,1.124018838,0.4571689,1.846732704
4/15/2024,2.7137,1.098901099,0.483527245,1.714581894
4/16/2024,2.7189,1.065306122,0.454184936,1.785226138
4/17/2024,2.6899,1.087912088,0.480045954,1.805401981
4/18/2024,2.5944,1.100470958,0.480045954,1.805401981
4/19/2024,2.5944,1.100470958,0.480045954,1.805401981
4/20/2024,2.6267,1.046467818,0.541714536,1.693427014
4/21/2024,2.6462,1.039246468,0.541217208,1.704004454
4/22/2024,2.6682,1.047095761,0.54270919,1.674690931
4/23/2024,2.7132,1.03610675,0.525302736,1.60612954
4/24/2024,2.7706,1.014128728,0.533757299,1.557734393
4/25/2024,2.7896,0.992150706,0.533757299,1.557734393
4/26/2024,2.7896,0.992150706,0.533757299,1.557734393
4/27/2024,2.746,0.937205652,0.544201172,1.512055594
4/28/2024,2.7088,0.905808477,0.512869554,1.509828764
4/29/2024,2.7588,0.943485086,0.522318772,1.588430085
4/30/2024,2.8005,0.967032967,0.503917663,1.656530753
5/1/2024,2.8074,0.943485086,0.500436372,1.590896875
5/2/2024,2.7536,0.934065934,0.500436372,1.590896875
5/3/2024,2.7536,0.934065934,0.500436372,1.590896875
5/4/2024,2.7801,0.924646782,0.500436372,1.590896875
5/5/2024,2.7801,0.904238619,0.494468445,1.568187054
5/6/2024,2.7499,0.916797488,0.478553972,1.618453889
5/7/2024,2.6903,0.927158556,0.475570009,1.589236351
5/8/2024,2.6715,0.919937206,0.474575354,1.579138831
5/9/2024,2.6632,0.923076923,0.474575354,1.579138831
5/10/2024,2.6632,0.923076923,0.474575354,1.579138831
5/11/2024,2.6638,0.907378336,0.458660882,1.576470475
5/12/2024,2.6701,0.89010989,0.435783827,1.550794748
5/13/2024,2.6486,0.871271586,0.404452209,1.517766644
5/14/2024,2.6435,0.860282575,0.426334609,1.517401904
5/15/2024,2.6687,0.849293564,0.423847973,1.535341319
5/16/2024,2.677,0.833594977,0.423847973,1.535341319
5/17/2024,2.677,0.833594977,0.423847973,1.535341319
5/18/2024,2.6655,0.786499215,0.415393409,1.509953544
5/19/2024,2.6554,0.883830455,0.374612573,1.516038931
5/20/2024,2.6554,0.803767661,0.374612573,1.516038931
5/21/2024,2.6387,0.813186813,0.373120591,1.510539046
5/22/2024,2.6387,0.800627944,0.373120591,1.510539046
5/23/2024,2.645,0.8288854,0.373120591,1.510539046
5/24/2024,2.645,0.8288854,0.373120591,1.510539046
5/25/2024,2.6781,0.802197802,0.366655337,1.457623052
5/26/2024,2.687,0.807849294,0.342783628,1.441699301
5/27/2024,2.6944,0.835164835,0.345767591,1.474871381
5/28/2024,2.7404,0.84144427,0.377099209,1.567332796
5/29/2024,2.7559,0.827943485,0.385553773,1.545246871
5/30/2024,2.7252,0.857142857,0.385553773,1.545246871
5/31/2024,2.6901,0.857142857,0.385553773,1.545246871
6/1/2024,2.6901,0.846153846,0.372125937,1.495584735
6/2/2024,2.6902,0.872841444,0.373617918,1.525531752
6/3/2024,2.7143,0.850863422,0.373617918,1.525531752
6/4/2024,2.7143,0.84144427,0.373617918,1.525531752
6/5/2024,2.7143,0.846153846,0.372125937,1.523400906
6/6/2024,2.6909,0.843014129,0.372125937,1.523400906
6/7/2024,2.7104,0.843014129,0.372125937,1.523400906
6/8/2024,2.7104,0.860910518,0.351238191,1.493943408
6/9/2024,2.7388,0.851491366,0.3641687,1.497792367
6/10/2024,2.7478,0.850863422,0.391024373,1.469717039
6/11/2024,2.745,0.85400314,0.379088518,1.465714505
6/12/2024,2.7436,0.849293564,0.379585846,1.4741611
6/13/2024,2.7427,0.855572998,0.379585846,1.4741611
6/14/2024,2.7427,0.855572998,0.379585846,1.4741611
6/15/2024,2.7466,0.847723705,0.370633955,1.475476081
6/16/2024,2.758,0.850235479,0.354222155,1.466559165
6/17/2024,2.7654,0.863422292,0.354222155,1.466559165
6/18/2024,2.7654,0.864992151,0.339302337,1.459715503
6/19/2024,2.7627,0.86122449,0.365163355,1.460828918
6/20/2024,2.7439,0.866562009,0.365163355,1.460828918
6/21/2024,2.7611,0.866562009,0.365163355,1.460828918
6/22/2024,2.7611,0.864992151,0.357703446,1.486504646
6/23/2024,2.7706,0.886342229,0.365660682,1.541666667
6/24/2024,2.8226,0.919937206,0.382072482,1.605054519
6/25/2024,2.8292,0.913657771,0.382072482,1.605054519
6/26/2024,2.8292,0.901098901,0.402960227,1.572621516
6/27/2024,2.8159,0.921507064,0.402960227,1.572621516
6/28/2024,2.8341,0.921507064,0.402960227,1.572621516
6/29/2024,2.8341,0.941915228,0.404452209,1.598460416
6/30/2024,2.8615,0.948194663,0.330847773,1.673846272
7/1/2024,2.8581,0.943485086,0.3805805,1.645953313
7/2/2024,2.8875,0.924646782,0.409425482,1.653382477
7/3/2024,2.8454,0.911459969,0.420366682,1.599314674
7/4/2024,2.8602,0.932496075,0.420366682,1.599314674
7/5/2024,2.8112,0.932496075,0.420366682,1.599314674
7/6/2024,2.8112,0.893249608,0.532762645,1.465964064
7/7/2024,2.8694,0.887912088,0.509388263,1.511335714
7/8/2024,2.8647,0.875981162,0.507398954,1.49260923
7/9/2024,2.8458,0.856200942,0.511377572,1.46892997
7/10/2024,2.838,0.838304553,0.505906972,1.471598326
7/11/2024,2.8897,0.830455259,0.505906972,1.471598326
7/12/2024,2.8559,0.830455259,0.505906972,1.471598326
7/13/2024,2.8559,0.825117739,0.500933699,1.447871074
7/14/2024,2.8595,0.824175824,0.516350845,1.479411426
7/15/2024,2.8595,0.832025118,0.516350845,1.479411426
7/16/2024,2.8595,0.832025118,0.516350845,1.479411426
7/17/2024,2.8855,0.80533752,0.513864208,1.51225716
7/18/2024,2.8823,0.797488226,0.513864208,1.51225716
7/19/2024,2.8823,0.797488226,0.513864208,1.51225716
7/20/2024,2.9165,0.817896389,0.496457754,1.479737772
7/21/2024,2.8949,0.808477237,0.486013881,1.505979805
7/22/2024,2.8952,0.811616955,0.492479136,1.502476388
7/23/2024,2.8929,0.830455259,0.506901627,1.532461798
7/24/2024,2.9083,0.832967033,0.496457754,1.541791446
7/25/2024,2.9016,0.843642072,0.496457754,1.541791446
7/26/2024,2.9016,0.843642072,0.496457754,1.541791446
7/27/2024,2.9133,0.843642072,0.493971118,1.551840974
7/28/2024,2.9133,0.85400314,0.493971118,1.551840974
7/29/2024,2.9026,0.860282575,0.473083372,1.597625355
7/30/2024,2.9328,0.874411303,0.4626395,1.617244491
7/31/2024,2.9592,0.893249608,0.436281154,1.677829609
8/1/2024,2.9156,0.918367347,0.436281154,1.677829609
8/2/2024,2.9181,0.918367347,0.436281154,1.677829609
8/3/2024,2.9181,0.94411303,0.387045755,1.739595331
8/4/2024,2.9863,0.921507064,0.402960227,1.69134416
8/5/2024,2.9795,0.935635793,0.388537737,1.696949628
8/6/2024,2.995,0.926216641,0.387045755,1.712115104
8/7/2024,2.995,0.946624804,0.387045755,1.712115104
8/8/2024,2.998,0.927786499,0.387045755,1.712115104
8/9/2024,2.998,0.927786499,0.387045755,1.712115104
8/10/2024,2.9856,0.891679749,0.406441518,1.64639484
8/11/2024,2.9347,0.875981162,0.392019027,1.597721339
8/12/2024,2.9438,0.891679749,0.387543082,1.634473624
8/13/2024,2.9434,0.880062794,0.378093864,1.617762804
8/14/2024,2.9656,0.858712716,0.404949536,1.608490747
8/15/2024,2.9694,0.852433281,0.404949536,1.608490747
8/16/2024,2.9694,0.852433281,0.404949536,1.608490747
8/17/2024,2.9614,0.821036107,0.432302536,1.603077248
8/18/2024,2.9264,0.8288854,0.443741063,1.59753897
8/19/2024,2.9763,0.839246468,0.420366682,1.646721186
8/20/2024,2.9921,0.835164835,0.416885391,1.652912155
8/21/2024,3.0078,0.838304553,0.424842627,1.643476925
8/22/2024,2.9908,0.850863422,0.424842627,1.643476925
8/23/2024,2.9908,0.850863422,0.424842627,1.643476925
8/24/2024,3.0183,0.844583987,0.453190282,1.650416571
8/25/2024,3.0183,0.868131868,0.453190282,1.650416571
8/26/2024,3.0505,0.874411303,0.451200973,1.686544959
8/27/2024,3.0411,0.861852433,0.454682263,1.670841972
8/28/2024,3.0424,0.880690738,0.473083372,1.676437841
8/29/2024,3.0275,0.880690738,0.473083372,1.676437841
8/30/2024,3.0275,0.880690738,0.473083372,1.676437841
8/31/2024,3.0665,0.879120879,0.501431027,1.685489135
9/1/2024,3.0727,0.897017268,0.491484481,1.694943561
9/2/2024,3.0727,0.893249608,0.491484481,1.694943561
9/3/2024,3.0983,0.89010989,0.489495172,1.704772326
9/4/2024,3.0983,0.886970173,0.489495172,1.704772326
9/5/2024,3.1026,0.883830455,0.489495172,1.704772326
9/6/2024,3.1026,0.883830455,0.489495172,1.704772326
9/7/2024,3.0961,0.874411303,0.479548627,1.685028411
9/8/2024,3.1014,0.879120879,0.458163554,1.67331836
9/9/2024,3.1192,0.879120879,0.476067336,1.681179452
9/10/2024,3.149,0.875981162,0.458660882,1.685748291
9/11/2024,3.1597,0.878178964,0.451200973,1.699675574
9/12/2024,3.1597,0.872841444,0.451200973,1.699675574
9/13/2024,3.1597,0.872841444,0.451200973,1.699675574
9/14/2024,3.1613,0.867189953,0.442746409,1.729795362
9/15/2024,3.1769,0.861852433,0.429318573,1.714274745
9/16/2024,3.2044,0.864992151,0.433794518,1.721252784
9/17/2024,3.2315,0.878492936,0.461147518,1.74074714
9/18/2024,3.2243,0.868131868,0.468607427,1.761614067
9/19/2024,3.2382,0.865620094,0.468607427,1.761614067
9/20/2024,3.2382,0.865620094,0.468607427,1.761614067
9/21/2024,3.2382,0.867503925,0.468607427,1.761614067
9/22/2024,3.2882,0.869073783,0.469104754,1.801840974
9/23/2024,3.3225,0.888540031,0.478553972,1.822755893
9/24/2024,3.3695,0.90266876,0.519832136,1.870248791
9/25/2024,3.3529,0.891051805,0.514858863,1.843104507
9/26/2024,3.3601,0.903610675,0.514858863,1.843104507
9/27/2024,3.3601,0.903610675,0.514858863,1.843104507
9/28/2024,3.2645,0.918367347,0.499939045,1.961030485
9/29/2024,3.3014,0.912087912,0.487505863,1.893140981
9/30/2024,3.2557,0.923076923,0.486511209,1.912241803
10/1/2024,3.2482,0.974882261,0.482035263,1.950645013
10/2/2024,3.3841,0.975510204,0.476067336,1.990017661
10/3/2024,3.3815,0.996860283,0.476067336,1.990017661
10/4/2024,3.3815,0.996860283,0.476067336,1.990017661
10/5/2024,3.3765,0.974882261,0.467612772,2.005307917
10/6/2024,3.4631,1.006279435,0.459158209,2.111091914
10/7/2024,3.4117,0.984301413,0.463136827,2.056937726
10/8/2024,3.3664,0.974882261,0.475072681,2.010750211
10/9/2024,3.3761,0.990580848,0.477559318,2.014647163
10/10/2024,3.5032,1.010989011,0.477559318,2.014647163
10/11/2024,3.5032,1.010989011,0.477559318,2.014647163
10/12/2024,3.5516,0.967032967,0.477559318,2.018774476
10/13/2024,3.5234,0.983673469,0.477559318,2.048932658
10/14/2024,3.4858,0.990580848,0.477559318,2.104392229
10/15/2024,3.4853,0.978963893,0.477559318,2.088996391
10/16/2024,3.447,0.996860283,0.477559318,2.139205636
10/17/2024,3.4104,1.006279435,0.477559318,2.139205636
10/18/2024,3.4104,1.006279435,0.477559318,2.139205636
10/19/2024,3.4315,1.006279435,0.477559318,2.215973662
10/20/2024,3.5595,1.018838305,0.477559318,2.273304922
10/21/2024,3.5451,1.037048666,0.477559318,2.274495124
10/22/2024,3.531,1.08477237,0.477559318,2.29459418
10/23/2024,3.5353,1.142857143,0.477559318,2.371861322
10/24/2024,3.5172,1.144427002,0.477559318,2.371861322
10/25/2024,3.5172,1.144427002,0.477559318,2.371861322
10/26/2024,3.3166,1.062794349,0.477559318,2.090234585
10/27/2024,3.4382,1.08477237,0.477559318,2.147796207
10/28/2024,3.4923,1.121507064,0.477559318,2.24194694
10/29/2024,3.558,1.153846154,0.477559318,2.345801659
10/30/2024,3.6022,1.16577708,0.477559318,2.365305613
10/31/2024,3.6453,1.14599686,0.477559318,2.365305613
11/1/2024,3.6453,1.14599686,0.477559318,2.365305613
11/2/2024,3.5403,1.184615385,0.457666227,2.319521232
11/3/2024,3.611,1.185243328,0.435783827,2.393736082
11/4/2024,3.5325,1.169544741,0.425837282,2.316555325
11/5/2024,3.5155,1.164835165,0.445730373,2.277288259
11/6/2024,3.5867,1.191522763,0.422853318,2.354593796
11/7/2024,3.6529,1.178963893,0.422853318,2.354593796
11/8/2024,3.6529,1.178963893,0.422853318,2.354593796
11/9/2024,3.5739,1.175824176,0.465126136,2.272076326
11/10/2024,3.5454,1.145054945,0.465126136,2.174844506
11/11/2024,3.5018,1.103610675,0.465126136,2.049854104
11/12/2024,3.5229,1.136577708,0.465126136,2.093718805
11/13/2024,3.5683,1.14599686,0.465126136,2.161694694
11/14/2024,3.6258,1.152276295,0.465126136,2.161694694
11/15/2024,3.6258,1.152276295,0.465126136,2.161694694
11/16/2024,3.561,1.146938776,0.465126136,2.125115181
11/17/2024,3.5606,1.147566719,0.465126136,2.129540045
11/18/2024,3.5515,1.150706436,0.465126136,2.144859095
11/19/2024,3.5626,1.1711146,0.465126136,2.212345466
11/20/2024,3.6204,1.172056515,0.465126136,2.277844967
11/21/2024,3.5814,1.17833595,0.465126136,2.277844967
11/22/2024,3.5814,1.17833595,0.465126136,2.277844967
11/23/2024,3.5912,1.204081633,0.465126136,2.355534439
11/24/2024,3.6308,1.163265306,0.465126136,2.307628811
11/25/2024,3.5592,1.177394035,0.465126136,2.240775935
11/26/2024,3.578,1.184615385,0.465126136,2.238366736
11/27/2024,3.6017,1.196232339,0.465126136,2.258744145
11/28/2024,3.5823,1.204081633,0.465126136,2.258744145
11/29/2024,3.5823,1.204081633,0.465126136,2.258744145
11/30/2024,3.6479,1.218838305,0.465126136,2.332584658
12/1/2024,3.6206,1.205651491,0.672511607,2.291618675
12/2/2024,3.6456,1.224489796,0.721747007,2.307235276
12/3/2024,3.6598,1.2433281,0.731693553,2.324838747
12/4/2024,3.6465,1.252747253,0.724233644,2.343344467
12/5/2024,3.6465,1.246467818,0.724233644,2.343344467
12/6/2024,3.6465,1.246467818,0.724233644,2.343344467
12/7/2024,3.6572,1.254317111,0.702351244,2.325357061
12/8/2024,3.6704,1.265934066,0.691907371,2.358193197
12/9/2024,3.6619,1.26844584,0.742634752,2.367657222
12/10/2024,3.6825,1.282574568,0.742634752,2.401424403
12/11/2024,3.7052,1.309262166,0.742634752,2.48671581
12/12/2024,3.7353,1.302982732,0.742634752,2.48671581
12/13/2024,3.7353,1.302982732,0.742634752,2.48671581
12/14/2024,3.7026,1.359497645,0.742634752,2.525752515
12/15/2024,3.7369,1.351648352,0.742634752,2.521769178
12/16/2024,3.6909,1.395604396,0.742634752,2.555171619
12/17/2024,3.7238,1.412872841,0.742634752,2.586020886
12/18/2024,3.7238,1.42700157,0.742634752,2.563656608
12/19/2024,3.8211,1.419152276,0.742634752,2.563656608
12/20/2024,3.8211,1.419152276,0.742634752,2.563656608
12/21/2024,3.7294,1.395604396,0.742634752,2.47926745
12/22/2024,3.6894,1.39811617,0.742634752,2.442083237
12/23/2024,3.6979,1.456828885,0.742634752,2.549431775
12/24/2024,3.6773,1.475039246,0.742634752,2.576096138
12/25/2024,3.6244,1.47566719,0.742634752,2.55865584
12/26/2024,3.5082,1.503924647,0.742634752,2.55865584
12/27/2024,3.5082,1.503924647,0.742634752,2.55865584
12/28/2024,3.6999,1.565149137,0.742634752,2.645751747
12/29/2024,3.7747,1.513343799,0.742634752,2.582555863
12/30/2024,3.7085,1.576138148,0.742634752,2.557196882
12/31/2024,3.7753,1.562009419,0.742634752,2.589869846
1/1/2025,3.8301,1.565149137,0.895314224,2.58215273
1/2/2025,3.8923,1.538461538,0.895314224,2.58215273
1/3/2025,3.8923,1.538461538,0.895314224,2.58215273
1/4/2025,3.9761,1.522762951,0.952009533,2.542636105
1/5/2025,3.9521,1.505494505,0.954496169,2.535888428
1/6/2025,3.9292,1.518053375,0.93062446,2.525090225
1/7/2025,3.8073,1.521193093,0.969913315,2.574627582
1/8/2025,3.7353,1.535321821,0.977373224,2.624251325
1/9/2025,3.5874,1.568288854,0.977373224,2.624251325
1/10/2025,3.5874,1.568288854,0.977373224,2.624251325
1/11/2025,3.6694,1.579277865,0.95797746,2.721905475
1/12/2025,3.8233,1.544740973,0.92167257,2.699080473
1/13/2025,3.8061,1.56043956,0.940073678,2.732281348
1/14/2025,3.8061,1.566718995,0.940073678,2.732281348
1/15/2025,3.7957,1.535321821,0.937089715,2.705712969
1/16/2025,3.8597,1.528414443,0.937089715,2.705712969
1/17/2025,3.8597,1.528414443,0.937089715,2.705712969
1/18/2025,3.7639,1.544740973,0.893822242,2.690461107
1/19/2025,3.7942,1.544740973,0.89431957,2.717816555
1/20/2025,3.8207,1.554160126,0.876913115,2.737368502
1/21/2025,3.7786,1.599686028,0.882383715,2.807004914
1/22/2025,3.8461,1.602825746,0.929132479,2.906876296
1/23/2025,3.7843,1.638932496,0.929132479,2.906876296
1/24/2025,3.7843,1.638932496,0.929132479,2.906876296
1/25/2025,4.0285,1.637362637,0.940073678,2.970388927
1/26/2025,4.0199,1.645211931,0.909239388,2.983346771
1/27/2025,4.0193,1.648351648,0.902774133,2.961443216
1/28/2025,4.0193,1.651491366,0.902774133,2.961443216
1/29/2025,4.1531,1.626373626,0.900287497,2.939654841
1/30/2025,4.1125,1.635792779,0.900287497,2.939654841
1/31/2025,4.1125,1.635792779,0.900287497,2.939654841
2/1/2025,4.0966,1.646153846,0.870945188,3.014791139
2/2/2025,4.0523,1.649921507,0.885367679,3.068494203
2/3/2025,4.093,1.644270016,0.906752751,3.078697305
2/4/2025,4.0482,1.667189953,0.931121788,3.087518237
2/5/2025,4.1714,1.692307692,0.915704642,3.227261384
2/6/2025,4.1118,1.703296703,0.915704642,3.227261384
2/7/2025,4.1118,1.703296703,0.915704642,3.227261384
2/8/2025,4.1118,1.814756672,0.915704642,3.227261384
2/9/2025,4.3285,1.91522763,0.962950733,3.628973739
2/10/2025,4.3285,1.894819466,0.962950733,3.628973739
2/11/2025,4.0139,1.80533752,0.962950733,3.540284497
2/12/2025,4.0139,1.800627943,0.962950733,3.540284497
2/13/2025,3.9852,1.827315542,0.962950733,3.540284497
2/14/2025,3.9852,1.827315542,0.962950733,3.540284497
2/15/2025,4.0586,1.868131868,0.962950733,3.625278354
2/16/2025,3.9826,1.866562009,0.928866348,3.61604469
2/17/2025,4.0751,1.871271586,0.959852152,3.679480534
2/18/2025,4.0831,1.90266876,0.979992926,3.779159948
2/19/2025,4.0837,1.912087912,0.995485828,3.997072487
2/20/2025,3.8719,1.954474097,0.995485828,3.997072487
2/21/2025,3.8719,1.954474097,0.995485828,3.997072487
2/22/2025,4.1225,1.941915228,0.989288667,4.182254473
2/23/2025,3.9807,1.927158556,1.028020923,3.95649044
2/24/2025,3.9996,1.89010989,1.080696791,3.983039622
2/25/2025,3.8949,1.91522763,1.100837564,3.831231283
2/26/2025,3.9471,1.926216641,1.079147501,3.950875374
2/27/2025,4.0068,1.919937206,1.079147501,3.950875374
2/28/2025,4.0068,1.919937206,1.079147501,3.950875374
3/1/2025,3.9552,1.910518053,1.086893952,3.742801198
3/2/2025,3.8959,1.908948195,1.105485435,3.68972203
3/3/2025,3.9036,1.868131868,1.069851759,3.585416187
3/4/2025,3.8946,1.858712716,1.063654598,3.656809107
3/5/2025,3.9642,1.794348509,1.048161696,3.556275436
3/6/2025,3.9533,1.81255887,1.048161696,3.556275436
3/7/2025,3.9533,1.81255887,1.048161696,3.556275436
3/8/2025,3.9249,1.883830455,1.021823762,3.744912847
3/9/2025,3.8612,1.910518053,0.998584408,3.888188205
3/10/2025,3.8798,1.920565149,1.00942944,3.866015895
3/11/2025,3.8793,1.927158556,0.986190086,3.80775359
3/12/2025,3.8737,1.927786499,0.975345055,3.78798088
3/13/2025,3.843,1.916797488,0.975345055,3.78798088
3/14/2025,3.843,1.916797488,0.975345055,3.78798088
3/15/2025,3.9093,1.886028257,1.034218084,3.790591646
3/16/2025,3.8179,1.949764521,1.028020923,3.940720264
3/17/2025,3.8177,2.001569859,1.017175891,4.209168394
3/18/2025,3.8752,2.095761381,0.986190086,4.557465638
3/19/2025,3.8752,2.089481947,0.986190086,4.557465638
3/20/2025,3.8752,2.08477237,0.986190086,4.557465638
3/21/2025,3.8752,2.08477237,0.986190086,4.557465638
3/22/2025,3.8752,2.08477237,0.986190086,4.557465638
3/23/2025,3.8752,2.08477237,0.986190086,4.557465638
3/24/2025,3.8752,2.08477237,0.986190086,4.557465638
3/25/2025,3.8075,2.221350078,1.041964535,4.474237887
3/26/2025,3.824,2.218210361,1.057457437,4.68900215
3/27/2025,3.673,2.237048666,1.057457437,4.68900215
3/28/2025,3.673,2.237048666,1.057457437,4.68900215
3/29/2025,3.834,2.288854003,1.088443242,5.046341089
3/30/2025,3.8291,2.25588697,1.134921949,4.890818168
3/31/2025,3.8291,2.25588697,1.134921949,4.890818168
4/1/2025,3.8291,2.25588697,1.134921949,4.890818168
4/2/2025,3.8291,2.25588697,1.134921949,4.890818168
4/3/2025,3.8291,2.296703297,1.134921949,4.890818168
4/4/2025,3.8291,2.296703297,1.134921949,4.890818168
4/5/2025,3.7159,2.227629513,1.114781176,4.574925132
4/6/2025,3.7474,2.282574568,1.055908147,4.678088766
4/7/2025,3.6933,2.321821036,1.046612406,4.812571988
4/8/2025,3.6185,2.136577708,1.107034725,4.242791599
4/9/2025,3.8119,2.136577708,1.093091113,4.154332719
4/10/2025,4.051,2.156985871,1.093091113,4.154332719
4/11/2025,4.051,2.156985871,1.093091113,4.154332719
4/12/2025,4.1301,1.973312402,1.119429047,3.904457498
4/13/2025,4.0684,1.668759812,1.182949947,3.439453275
4/14/2025,4.2895,1.810047096,1.196893559,3.539507026
4/15/2025,4.5545,1.764521193,1.20154143,3.680977885
4/16/2025,4.5596,1.762951334,1.226330073,3.580818552
4/17/2025,4.7205,1.678178964,1.226330073,3.580818552
4/18/2025,4.7205,1.678178964,1.226330073,3.580818552
4/19/2025,4.699,1.665620094,1.280555232,3.386210935
4/20/2025,4.5826,1.665620094,1.348724002,3.076067342
4/21/2025,4.5992,1.665620094,1.415343483,3.233385165
4/22/2025,4.6316,1.665620094,1.362667614,3.129923981
4/23/2025,4.5148,1.665620094,1.311541037,3.137948245
4/24/2025,4.5148,1.665620094,1.311541037,3.137948245
4/25/2025,4.5148,1.665620094,1.311541037,3.137948245
4/26/2025,4.4785,1.665620094,1.347174712,3.137948245
4/27/2025,4.5191,1.605965463,1.347174712,3.137948245
4/28/2025,4.5011,1.605965463,1.347174712,3.137948245
4/29/2025,4.5444,1.542700157,1.317738198,3.300334024
4/30/2025,4.6134,1.574097331,1.340977551,3.372734777
5/1/2025,4.6752,1.574097331,1.340977551,3.372734777
5/2/2025,4.6752,1.574097331,1.340977551,3.372734777
5/3/2025,4.799,1.668759812,1.27125949,3.662452968
5/4/2025,4.7412,1.747252747,1.221682203,3.752793135
5/5/2025,4.7269,1.653061224,1.251118717,3.680747524
5/6/2025,4.7131,1.605965463,1.272808781,3.527614605
5/7/2025,4.7334,1.543171115,1.272808781,3.522767412
5/8/2025,4.7096,1.558869702,1.272808781,3.554058205
5/9/2025,4.7096,1.558869702,1.272808781,3.554058205
5/10/2025,4.6551,1.558869702,1.322386068,3.651693158
5/11/2025,4.8934,1.590266876,1.26816091,3.690259541
5/12/2025,4.791,1.590266876,1.252668008,3.526434001
5/13/2025,4.7767,1.574568289,1.319287488,3.563925363
5/14/2025,4.7759,1.558869702,1.339428261,3.515990939
5/15/2025,4.8656,1.543171115,1.365766195,3.515990939
5/16/2025,4.8656,1.543171115,1.365766195,3.515990939
5/17/2025,4.8793,1.543171115,1.368864775,3.407759349
5/18/2025,4.9392,1.543171115,1.379709807,3.299345389
5/19/2025,4.9141,1.574568289,1.365766195,3.36274284
5/20/2025,4.9955,1.590266876,1.316188907,3.597347001
5/21/2025,4.8926,1.574568289,1.265062329,3.590081011
5/22/2025,4.919,1.558869702,1.292949554,3.542597712
5/23/2025,4.919,1.574568289,1.292949554,3.542597712
5/24/2025,4.879,1.574568289,1.252668008,3.521625202
5/25/2025,4.8377,1.574568289,1.254217298,3.458909238
5/26/2025,4.8165,1.605965463,1.291400263,3.474669815
5/27/2025,4.8572,1.574568289,1.277456651,3.488587499
5/28/2025,4.8691,1.558869702,1.277456651,3.488587499
5/29/2025,4.8653,1.558869702,1.277456651,3.488587499
5/30/2025,4.8653,1.574568289,1.291400263,3.488587499
5/31/2025,4.9671,1.574568289,1.291400263,3.488587499
6/1/2025,4.9317,1.590266876,1.277456651,3.43852223
6/2/2025,4.8227,1.590266876,1.279005942,3.497206865
6/3/2025,4.8616,1.605965463,1.254217298,3.557302465
6/4/2025,4.8616,1.605965463,1.274358071,3.557302465
6/5/2025,4.8616,1.605965463,1.261963749,3.557302465
6/6/2025,4.8616,1.590266876,1.261963749,3.557302465
6/7/2025,4.9566,1.590266876,1.20154143,3.572765492
6/8/2025,4.9517,1.574568289,1.199992139,3.567016049
6/9/2025,4.9942,1.59010989,1.182949947,3.630960608
6/10/2025,4.9586,1.571742543,1.182949947,3.534429471
6/11/2025,4.9667,1.597802198,1.173654205,3.582911004
6/12/2025,4.9732,1.622762951,1.173654205,3.582911004
6/13/2025,4.9732,1.622762951,1.173654205,3.582911004
6/14/2025,4.9732,1.622762951,1.173654205,3.582911004
6/15/2025,4.9732,1.622762951,1.173654205,3.582911004
6/16/2025,4.9732,1.622762951,1.173654205,3.582911004
6/17/2025,4.9732,1.622762951,1.173654205,3.582911004
6/18/2025,4.9732,1.622762951,1.173654205,3.582911004
6/19/2025,4.9732,1.622762951,1.173654205,3.582911004
6/20/2025,4.9732,1.622762951,1.173654205,3.582911004
6/21/2025,4.9732,1.622762951,1.173654205,3.582911004
6/22/2025,4.9732,1.622762951,1.173654205,3.582911004
6/23/2025,4.9732,1.622762951,1.173654205,3.582911004
6/24/2025,4.9732,1.622762951,1.173654205,3.582911004
6/25/2025,4.9732,1.60188383,1.173654205,3.582911004
6/26/2025,4.9732,1.627315542,1.173654205,3.582911004
6/27/2025,4.9732,1.627315542,1.173654205,3.582911004
6/28/2025,4.5934,1.655259027,1.108584015,3.671408278
6/29/2025,4.7487,1.766718995,1.046612406,3.89549259
6/30/2025,4.8947,1.847566719,0.986190086,4.235170468
7/1/2025,4.6826,1.879748823,0.927317057,4.297387315
7/2/2025,4.6998,1.869387755,0.869993319,4.125460723
7/3/2025,4.6998,1.875981162,0.826613192,4.125460723
7/4/2025,4.6998,1.875981162,0.775486614,4.125460723
7/5/2025,4.6998,1.875981162,0.775486614,4.125460723
7/6/2025,4.6998,1.875981162,0.775486614,4.125460723
7/7/2025,4.7806,1.774568289,0.775486614,3.990411196
7/8/2025,4.7853,1.732810047,0.775486614,3.914718191
7/9/2025,4.7853,1.757613815,0.724360036,3.954551563
7/10/2025,4.7853,1.771899529,0.724360036,3.954551563
7/11/2025,4.8288,1.771899529,0.724360036,3.954551563
7/12/2025,4.9146,1.734379906,0.767740163,3.925046072
7/13/2025,4.8341,1.791208791,0.781683775,4.001065423
7/14/2025,4.978,1.77833595,0.81266958,4.137055594
7/15/2025,5.2069,1.77833595,0.845204675,4.071460109
7/16/2025,5.249,1.77833595,0.896331253,4.060469938
7/17/2025,5.249,1.77833595,0.896331253,4.060469938
7/18/2025,5.249,1.77833595,0.896331253,4.060469938
7/19/2025,5.1997,1.77833595,0.94126067,4.024130385
7/20/2025,5.1425,1.77833595,0.936612799,3.969246717
7/21/2025,5.1802,1.77833595,0.983091506,4.027307456
7/22/2025,5.1996,1.77833595,0.995485828,4.090138601
7/23/2025,5.2038,1.77833595,0.989288667,4.095686478
7/24/2025,5.2038,1.77833595,0.989288667,4.095686478
7/25/2025,5.2038,1.77833595,0.989288667,4.095686478
7/26/2025,5.1773,1.77833595,1.040415245,4.01490632
7/27/2025,5.1466,1.77833595,1.029570213,3.990276818
7/28/2025,5.1639,1.77833595,0.993936538,4.077430316
7/29/2025,5.1652,1.77833595,0.94590854,4.093546034
7/30/2025,5.1764,1.825745683,0.897880543,4.100802426
7/31/2025,5.1764,1.825745683,0.897880543,4.100802426
8/1/2025,5.1764,1.897959184,0.897880543,4.100802426
8/2/2025,5.2063,1.935635793,0.873091899,4.263255394
8/3/2025,5.3245,1.935635793,0.846753965,4.373790601
8/4/2025,5.3636,1.935635793,0.854500416,4.39645243
8/5/2025,5.4747,1.935635793,0.904077704,4.397364279
8/6/2025,5.4808,1.935635793,0.849852545,4.350245719
8/7/2025,5.4808,1.935635793,0.849852545,4.350245719
8/8/2025,5.4808,1.935635793,0.849852545,4.350245719
8/9/2025,5.4808,1.935635793,0.849852545,4.350245719
