Date,Ret,Bourse Historical Ret,Gold Historical,Dollar Historical,Historical Ret,Historical Yearly Ret,Historical Asset Value,Projected Ret,Yearly Ret,Historical Yearly Ret,Projected Yearly Ret,Asset Value,Historical Asset Value,Projected Asset Value,,Bourse,Bourse Index,Bourse Historical Ret,,Gold,Gold Index,Gold Historical,,Dollar,Dollar Index,Dollar Historical
17-Oct-24,-0.82%,0%,0%,0.00%,-0.82%,,2028110559,,,,,2028110559,2028110559,,,0.477559318,1,0%,,327055,1,0%,,639000,1,0.00%
18-Oct-24,-0.82%,0%,0%,0.00%,-0.82%,,2028110559,,,,,2028110559,2028110559,,,0.477559318,1,0%,,327055,1,0%,,639000,1,0.00%
19-Oct-24,-0.35%,0%,0%,0.00%,-0.35%,,2037809408,,,,,2037809408,2037809408,,,0.477559318,1,0%,,327055,1,0%,,639000,1,0.00%
20-Oct-24,2.53%,0%,2%,0.63%,2.53%,,2096664961,,,,,2096664961,2096664961,,,0.477559318,1,0%,,335053,1.024454528,2%,,643000,1.006259771,0.63%
21-Oct-24,2.21%,0%,4%,1.53%,2.21%,,2090071400,,,,,2090071400,2090071400,,,0.477559318,1,0%,,341026,1.042717455,4%,,648800,1.015336439,1.53%
22-Oct-24,1.89%,0%,4%,3.91%,1.89%,,2083553253,,,,,2083553253,2083553253,,,0.477559318,1,0%,,341150,1.043096595,4%,,664000,1.039123569,3.91%
23-Oct-24,1.98%,0%,5%,6.81%,1.98%,,2085524371,,,,,2085524371,2085524371,,,0.477559318,1,0%,,343244,1.049499168,5%,,682500,1.068075011,6.81%
24-Oct-24,1.58%,0%,7%,6.89%,1.58%,,2077215509,,,,,2077215509,2077215509,,,0.477559318,1,0%,,351294,1.07411269,7%,,683000,1.068857482,6.89%
25-Oct-24,1.58%,0%,7%,6.89%,1.58%,,2077215509,,,,,2077215509,2077215509,,,0.477559318,1,0%,,351294,1.07411269,7%,,683000,1.068857482,6.89%
26-Oct-24,-2.93%,0%,7%,2.82%,-2.93%,,1984967640,,,,,1984967640,1984967640,,,0.477559318,1,0%,,351294,1.07411269,7%,,657000,1.02816897,2.82%
27-Oct-24,-0.20%,0%,-2%,3.91%,-0.20%,,2040890703,,,,,2040890703,2040890703,,,0.477559318,1,0%,,321953,0.984400225,-2%,,664000,1.039123569,3.91%
28-Oct-24,1.02%,0%,0%,5.74%,1.02%,,2065755819,,,,,2065755819,2065755819,,,0.477559318,1,0%,,327950,1.002736534,0%,,675700,1.0574334,5.74%
29-Oct-24,2.49%,0%,3%,7.36%,2.49%,,2095966888,,,,,2095966888,2095966888,,,0.477559318,1,0%,,337759,1.03272834,3%,,686000,1.073552311,7.36%
30-Oct-24,3.49%,0%,7%,7.95%,3.49%,,2116294059,,,,,2116294059,2116294059,,,0.477559318,1,0%,,348579,1.06581136,7%,,689800,1.079499093,7.95%
31-Oct-24,4.46%,0%,7%,6.96%,4.46%,,2136136214,,,,,2136136214,2136136214,,,0.477559318,1,0%,,350611,1.072024363,7%,,683500,1.069639954,6.96%
1-Nov-24,4.46%,0%,7%,6.96%,4.46%,,2136136214,,,,,2136136214,2136136214,,,0.477559318,1,0%,,350611,1.072024363,7%,,683500,1.069639954,6.96%
2-Nov-24,2.10%,-1%,7%,8.89%,2.10%,,2087866523,,,,,2087866523,2087866523,,,0.457666227,0.98653652,-1%,,350611,1.072024363,7%,,695800,1.08888875,8.89%
3-Nov-24,3.69%,-3%,6%,8.92%,3.69%,,2120356071,,,,,2120356071,2120356071,,,0.435783827,0.971726691,-3%,,345841,1.057439705,6%,,696000,1.089201738,8.92%
4-Nov-24,1.92%,-4%,8%,8.14%,1.92%,,2084241998,,,,,2084241998,2084241998,,,0.425837282,0.964994951,-4%,,353573,1.081080916,8%,,691000,1.081377024,8.14%
5-Nov-24,1.54%,-2%,6%,7.90%,1.54%,,2076418151,,,,,2076418151,2076418151,,,0.445730373,0.978458432,-2%,,345532,1.056494912,6%,,689500,1.07902961,7.90%
6-Nov-24,3.14%,-4%,4%,9.23%,3.14%,,2109201328,,,,,2109201328,2109201328,,,0.422853318,0.962975429,-4%,,341441,1.043986351,4%,,698000,1.092331624,9.23%
7-Nov-24,4.63%,-4%,7%,8.61%,4.63%,,2139600616,,,,,2139600616,2139600616,,,0.422853318,0.962975429,-4%,,349495,1.068612103,7%,,694000,1.086071853,8.61%
8-Nov-24,4.63%,-4%,7%,8.61%,4.63%,,2139600616,,,,,2139600616,2139600616,,,0.422853318,0.962975429,-4%,,349495,1.068612103,7%,,694000,1.086071853,8.61%
9-Nov-24,2.85%,-1%,7%,8.45%,2.85%,45.71%,2103299803,,45.71%,45.71%,,2103299803,2103299803,,,0.465126136,0.991585325,-1%,,349495,1.068612103,7%,,693000,1.08450691,8.45%
10-Nov-24,2.21%,-1%,4%,6.92%,2.21%,32.23%,2090168027,,32.23%,32.23%,,2090168027,2090168027,,,0.465126136,0.991585325,-1%,,340898,1.042326085,4%,,683200,1.069170471,6.92%
11-Nov-24,1.23%,-1%,1%,4.85%,1.23%,16.12%,2070120121,,16.12%,16.12%,,2070120121,2070120121,,,0.465126136,0.991585325,-1%,,330768,1.011352796,1%,,670000,1.048513226,4.85%
12-Nov-24,1.71%,-1%,-3%,6.49%,1.71%,21.90%,2079829954,,21.90%,21.90%,,2079829954,2079829954,,,0.465126136,0.991585325,-1%,,317746,0.971536985,-3%,,680500,1.064945125,6.49%
13-Nov-24,2.73%,-1%,-1%,6.96%,2.73%,35.31%,2100715443,,35.31%,35.31%,,2100715443,2100715443,,,0.465126136,0.991585325,-1%,,322316,0.985510127,-1%,,683500,1.069639954,6.96%
14-Nov-24,4.02%,-1%,1%,7.28%,4.02%,53.10%,2127154116,,53.10%,53.10%,,2127154116,2127154116,,,0.465126136,0.991585325,-1%,,329398,1.007163911,1%,,685500,1.072769839,7.28%
15-Nov-24,4.02%,-1%,1%,7.28%,4.02%,53.10%,2127154116,,53.10%,53.10%,,2127154116,2127154116,,,0.465126136,0.991585325,-1%,,329398,1.007163911,1%,,685500,1.072769839,7.28%
16-Nov-24,2.56%,-1%,1%,7.01%,2.56%,30.14%,2097373351,,30.14%,30.14%,,2097373351,2097373351,,,0.465126136,0.991585325,-1%,,329398,1.007163911,1%,,683800,1.070109436,7.01%
17-Nov-24,2.55%,-1%,0%,7.04%,2.55%,28.80%,2097176936,,28.80%,28.80%,,2097176936,2097176936,,,0.465126136,0.991585325,-1%,,325587,0.995511472,0%,,684000,1.070422425,7.04%
18-Nov-24,2.35%,-1%,0%,7.20%,2.35%,25.22%,2092977458,,25.22%,25.22%,,2092977458,2092977458,,,0.465126136,0.991585325,-1%,,326048,0.996921017,0%,,685000,1.071987368,7.20%
19-Nov-24,2.60%,-1%,0%,8.22%,2.60%,27.16%,2098079110,,27.16%,27.16%,,2098079110,2098079110,,,0.465126136,0.991585325,-1%,,327644,1.001800915,0%,,691500,1.082159496,8.22%
20-Nov-24,3.90%,-1%,2%,8.26%,3.90%,41.45%,2124692798,,41.45%,41.45%,,2124692798,2124692798,,,0.465126136,0.991585325,-1%,,334675,1.023298762,2%,,691800,1.082628979,8.26%
21-Nov-24,3.02%,-1%,4%,8.58%,3.02%,29.87%,2106725466,,29.87%,29.87%,,2106725466,2106725466,,,0.465126136,0.991585325,-1%,,341499,1.044163691,4%,,693800,1.085758864,8.58%
22-Nov-24,3.02%,-1%,4%,8.58%,3.02%,29.87%,2106725466,,29.87%,29.87%,,2106725466,2106725466,,,0.465126136,0.991585325,-1%,,341499,1.044163691,4%,,693800,1.085758864,8.58%
23-Nov-24,3.24%,-1%,4%,9.86%,3.24%,31.22%,2111258746,,31.22%,31.22%,,2111258746,2111258746,,,0.465126136,0.991585325,-1%,,341499,1.044163691,4%,,702000,1.098591395,9.86%
24-Nov-24,4.13%,-1%,7%,7.82%,4.13%,39.75%,2129453964,,39.75%,39.75%,,2129453964,2129453964,,,0.465126136,0.991585325,-1%,,349593,1.068911746,7%,,689000,1.078247139,7.82%
25-Nov-24,2.52%,-1%,5%,8.53%,2.52%,22.15%,2096548159,,22.15%,22.15%,,2096548159,2096548159,,,0.465126136,0.991585325,-1%,,344602,1.053651362,5%,,693500,1.085289381,8.53%
26-Nov-24,2.95%,-1%,3%,8.89%,2.95%,25.43%,2105177235,,25.43%,25.43%,,2105177235,2105177235,,,0.465126136,0.991585325,-1%,,337637,1.032355315,3%,,695800,1.08888875,8.89%
27-Nov-24,3.48%,-1%,3%,9.47%,3.48%,29.65%,2116078426,,29.65%,29.65%,,2116078426,2116078426,,,0.465126136,0.991585325,-1%,,337386,1.031587863,3%,,699500,1.094679038,9.47%
28-Nov-24,3.04%,-1%,4%,9.86%,3.04%,24.81%,2107167047,,24.81%,24.81%,,2107167047,2107167047,,,0.465126136,0.991585325,-1%,,339509,1.038079106,4%,,702000,1.098591395,9.86%
29-Nov-24,3.04%,-1%,4%,9.86%,3.04%,24.81%,2107167047,,24.81%,24.81%,,2107167047,2107167047,,,0.465126136,0.991585325,-1%,,339509,1.038079106,4%,,702000,1.098591395,9.86%
30-Nov-24,4.52%,-1%,4%,10.59%,4.52%,37.48%,2137311239,,37.48%,37.48%,,2137311239,2137311239,,,0.465126136,0.991585325,-1%,,339509,1.038079106,4%,,706700,1.105946626,10.59%
1-Dec-24,3.90%,13%,6%,9.94%,3.90%,30.86%,2124769095,,30.86%,30.86%,,2124769095,2124769095,,,0.672511607,1.131942107,13%,,347202,1.061601071,6%,,702500,1.099373866,9.94%
2-Dec-24,4.47%,17%,5%,10.88%,4.47%,34.91%,2136268941,,34.91%,34.91%,,2136268941,2136268941,,,0.721747007,1.165264221,17%,,342934,1.048551318,5%,,708500,1.108763523,10.88%
3-Dec-24,4.78%,17%,5%,11.82%,4.78%,36.71%,2142798192,,36.71%,36.71%,,2142798192,2142798192,,,0.731693553,1.171995961,17%,,344561,1.053526002,5%,,714500,1.11815318,11.82%
4-Dec-24,4.48%,17%,6%,12.28%,4.48%,33.20%,2136666732,,33.20%,33.20%,,2136666732,2136666732,,,0.724233644,1.166947156,17%,,346395,1.059133604,6%,,717500,1.122848008,12.28%
5-Dec-24,4.48%,17%,7%,11.97%,4.48%,33.20%,2136666732,,33.20%,33.20%,,2136666732,2136666732,,,0.724233644,1.166947156,17%,,348323,1.065028619,7%,,715500,1.119718123,11.97%
6-Dec-24,4.48%,17%,7%,11.97%,4.48%,33.20%,2136666732,,33.20%,33.20%,,2136666732,2136666732,,,0.724233644,1.166947156,17%,,348323,1.065028619,7%,,715500,1.119718123,11.97%
7-Dec-24,4.73%,15%,7%,12.36%,4.73%,34.31%,2141619532,,34.31%,34.31%,,2141619532,2141619532,,,0.702351244,1.152137327,15%,,348323,1.065028619,7%,,718000,1.123630479,12.36%
8-Dec-24,5.02%,15%,6%,12.94%,5.02%,35.80%,2147656378,,35.80%,35.80%,,2147656378,2147656378,,,0.691907371,1.145069,15%,,346449,1.059298713,6%,,721700,1.129420768,12.94%
9-Dec-24,4.83%,18%,7%,13.07%,4.83%,33.41%,2143761446,,33.41%,33.41%,,2143761446,2143761446,,,0.742634752,1.179400875,18%,,349870,1.069758696,7%,,722500,1.130672722,13.07%
10-Dec-24,5.30%,18%,7%,13.77%,5.30%,36.14%,2153238801,,36.14%,36.14%,,2153238801,2153238801,,,0.742634752,1.179400875,18%,,350856,1.07277347,7%,,727000,1.137714964,13.77%
11-Dec-24,5.81%,18%,8%,15.10%,5.81%,39.16%,2163693097,,39.16%,39.16%,,2163693097,2163693097,,,0.742634752,1.179400875,18%,,354374,1.083530038,8%,,735500,1.151016978,15.10%
12-Dec-24,6.48%,18%,11%,14.79%,6.48%,43.36%,2177520662,,43.36%,43.36%,,2177520662,2177520662,,,0.742634752,1.179400875,18%,,363260,1.110699697,11%,,733500,1.147887093,14.79%
13-Dec-24,6.48%,18%,11%,14.79%,6.48%,43.36%,2177520662,,43.36%,43.36%,,2177520662,2177520662,,,0.742634752,1.179400875,18%,,363260,1.110699697,11%,,733500,1.147887093,14.79%
14-Dec-24,5.75%,18%,11%,17.61%,5.75%,36.90%,2162494932,,36.90%,36.90%,,2162494932,2162494932,,,0.742634752,1.179400875,18%,,363260,1.110699697,11%,,751500,1.176056063,17.61%
15-Dec-24,6.52%,18%,12%,17.21%,6.52%,41.62%,2178271590,,41.62%,41.62%,,2178271590,2178271590,,,0.742634752,1.179400875,18%,,367327,1.123134876,12%,,749000,1.172143706,17.21%
16-Dec-24,5.48%,18%,12%,19.41%,5.48%,33.44%,2157098659,,33.44%,33.44%,,2157098659,2157098659,,,0.742634752,1.179400875,18%,,366912,1.12186598,12%,,763000,1.194052904,19.41%
17-Dec-24,6.22%,18%,13%,20.27%,6.22%,37.73%,2172223110,,37.73%,37.73%,,2172223110,2172223110,,,0.742634752,1.179400875,18%,,370392,1.13250636,13%,,768500,1.20266009,20.27%
18-Dec-24,6.22%,18%,14%,20.97%,6.22%,37.73%,2172223110,,37.73%,37.73%,,2172223110,2172223110,,,0.742634752,1.179400875,18%,,373606,1.142333423,14%,,773000,1.209702332,20.97%
19-Dec-24,8.41%,18%,14%,20.58%,8.41%,52.24%,2216979672,,52.24%,52.24%,,2216979672,2216979672,,,0.742634752,1.179400875,18%,,371276,1.135209261,14%,,770500,1.205789975,20.58%
20-Dec-24,8.41%,18%,14%,20.58%,8.41%,52.24%,2216979672,,52.24%,52.24%,,2216979672,2216979672,,,0.742634752,1.179400875,18%,,371276,1.135209261,14%,,770500,1.205789975,20.58%
21-Dec-24,6.35%,18%,14%,19.41%,6.35%,36.97%,2174823210,,36.97%,36.97%,,2174823210,2174823210,,,0.742634752,1.179400875,18%,,371276,1.135209261,14%,,763000,1.194052904,19.41%
22-Dec-24,5.45%,18%,11%,19.53%,5.45%,30.51%,2156411207,,30.51%,30.51%,,2156411207,2156411207,,,0.742634752,1.179400875,18%,,362484,1.108327014,11%,,763800,1.195304859,19.53%
23-Dec-24,5.64%,18%,10%,22.46%,5.64%,31.07%,2160326163,,31.07%,31.07%,,2160326163,2160326163,,,0.742634752,1.179400875,18%,,358610,1.096481948,10%,,782500,1.224569289,22.46%
24-Dec-24,5.18%,18%,13%,23.36%,5.18%,27.70%,2150821422,,27.70%,27.70%,,2150821422,2150821422,,,0.742634752,1.179400875,18%,,369794,1.130677927,13%,,788300,1.233645957,23.36%
25-Dec-24,3.99%,18%,14%,23.40%,3.99%,20.48%,2126533435,,20.48%,20.48%,,2126533435,2126533435,,,0.742634752,1.179400875,18%,,372572,1.139171885,14%,,788500,1.233958945,23.40%
26-Dec-24,1.38%,18%,13%,24.80%,1.38%,6.61%,2073095785,,6.61%,6.61%,,2073095785,2073095785,,,0.742634752,1.179400875,18%,,370755,1.133616261,13%,,797500,1.24804343,24.80%
27-Dec-24,1.38%,18%,13%,24.80%,1.38%,6.61%,2073095785,,6.61%,6.61%,,2073095785,2073095785,,,0.742634752,1.179400875,18%,,370755,1.133616261,13%,,797500,1.24804343,24.80%
28-Dec-24,5.69%,18%,13%,27.86%,5.69%,29.02%,2161255393,,29.02%,29.02%,,2161255393,2161255393,,,0.742634752,1.179400875,18%,,370755,1.133616261,13%,,817000,1.278559814,27.86%
29-Dec-24,7.37%,18%,16%,25.27%,7.37%,38.02%,2195650904,,38.02%,38.02%,,2195650904,2195650904,,,0.742634752,1.179400875,18%,,379829,1.161360746,16%,,800500,1.252738259,25.27%
30-Dec-24,11.04%,18%,14%,28.40%,11.04%,53.76%,4315728453,,53.76%,53.76%,,4315728453,4315728453,,,0.742634752,1.179400875,18%,,373245,1.141229637,14%,,820500,1.284037114,28.40%
31-Dec-24,7.38%,18%,13%,27.70%,7.38%,36.06%,2195925577,,36.06%,36.06%,,2195925577,2195925577,,,0.742634752,1.179400875,18%,,370603,1.133151509,13%,,816000,1.276994872,27.70%
1-Jan-25,8.62%,28%,14%,27.86%,8.62%,42.17%,2221129630,,42.17%,42.17%,,2221129630,2221129630,,,0.895314224,1.282733087,28%,,374007,1.143559513,14%,,817000,1.278559814,27.86%
2-Jan-25,10.01%,28%,14%,26.53%,10.01%,49.22%,2249712086,,49.22%,49.22%,,2249712086,2249712086,,,0.895314224,1.282733087,28%,,373203,1.141101218,14%,,808500,1.265257801,26.53%
3-Jan-25,10.01%,28%,14%,26.53%,10.01%,49.22%,2249712086,,49.22%,49.22%,,2249712086,2249712086,,,0.895314224,1.282733087,28%,,373203,1.141101218,14%,,808500,1.265257801,26.53%
4-Jan-25,11.90%,32%,14%,25.74%,11.90%,59.12%,2288230255,,59.12%,59.12%,,2288230255,2288230255,,,0.952009533,1.321104005,32%,,373203,1.141101218,14%,,803500,1.257433087,25.74%
5-Jan-25,11.36%,32%,13%,24.88%,11.36%,54.98%,2277212036,,54.98%,54.98%,,2277212036,2277212036,,,0.954496169,1.32278694,32%,,369086,1.12851316,13%,,798000,1.248825902,24.88%
6-Jan-25,10.84%,31%,13%,25.51%,10.84%,51.17%,2266676300,,51.17%,51.17%,,2266676300,2266676300,,,0.93062446,1.306630764,31%,,368383,1.126363681,13%,,802000,1.255085673,25.51%
7-Jan-25,8.10%,33%,12%,25.67%,8.10%,36.11%,2210603304,,36.11%,36.11%,,2210603304,2210603304,,,0.969913315,1.333221138,33%,,367258,1.122923903,12%,,803000,1.256650616,25.67%
8-Jan-25,6.48%,34%,14%,26.37%,6.48%,27.78%,2177503480,,27.78%,27.78%,,2177503480,2177503480,,,0.977373224,1.338269943,34%,,372419,1.138704075,14%,,807500,1.263692858,26.37%
9-Jan-25,3.16%,34%,15%,28.01%,3.16%,12.71%,2109523266,,12.71%,12.71%,,2109523266,2109523266,,,0.977373224,1.338269943,34%,,377589,1.154511766,15%,,818000,1.280124757,28.01%
10-Jan-25,3.16%,34%,15%,28.01%,3.16%,12.71%,2109523266,,12.71%,12.71%,,2109523266,2109523266,,,0.977373224,1.338269943,34%,,377589,1.154511766,15%,,818000,1.280124757,28.01%
11-Jan-25,5.00%,33%,15%,28.56%,5.00%,20.35%,2147197946,,20.35%,20.35%,,2147197946,2147197946,,,0.95797746,1.325143049,33%,,377589,1.154511766,15%,,821500,1.285602057,28.56%
12-Jan-25,8.46%,30%,19%,26.84%,8.46%,35.57%,2217992469,,35.57%,35.57%,,2217992469,2217992469,,,0.92167257,1.300572198,30%,,387763,1.185619588,19%,,810500,1.268387686,26.84%
13-Jan-25,8.07%,31%,18%,27.62%,8.07%,33.25%,2210054780,,33.25%,33.25%,,2210054780,2210054780,,,0.940073678,1.313025917,31%,,385385,1.178348662,18%,,815500,1.2762124,27.62%
14-Jan-25,8.07%,31%,19%,27.93%,8.07%,33.25%,2210054780,,33.25%,33.25%,,2210054780,2210054780,,,0.940073678,1.313025917,31%,,388844,1.188924832,19%,,817500,1.279342286,27.93%
15-Jan-25,7.84%,31%,19%,26.37%,7.84%,31.71%,2205266571,,31.71%,31.71%,,2205266571,2205266571,,,0.937089715,1.311006395,31%,,388844,1.188924832,19%,,807500,1.263692858,26.37%
16-Jan-25,9.28%,31%,18%,26.02%,9.28%,37.67%,2234713731,,37.67%,37.67%,,2234713731,2234713731,,,0.937089715,1.311006395,31%,,386076,1.18046145,18%,,805300,1.260249984,26.02%
17-Jan-25,9.28%,31%,18%,26.02%,9.28%,37.67%,2234713731,,37.67%,37.67%,,2234713731,2234713731,,,0.937089715,1.311006395,31%,,386076,1.18046145,18%,,805300,1.260249984,26.02%
18-Jan-25,7.13%,28%,18%,26.84%,7.13%,27.74%,2190685340,,27.74%,27.74%,,2190685340,2190685340,,,0.893822242,1.281723325,28%,,386076,1.18046145,18%,,810500,1.268387686,26.84%
19-Jan-25,7.81%,28%,18%,26.84%,7.81%,30.22%,2204597939,,30.22%,30.22%,,2204597939,2204597939,,,0.89431957,1.282059912,28%,,384487,1.175602955,18%,,810500,1.268387686,26.84%
20-Jan-25,8.40%,27%,18%,27.31%,8.40%,32.30%,2216764705,,32.30%,32.30%,,2216764705,2216764705,,,0.876913115,1.270279367,27%,,387337,1.184317059,18%,,813500,1.273082515,27.31%
21-Jan-25,7.46%,27%,19%,29.58%,7.46%,27.94%,2197419048,,27.94%,27.94%,,2197419048,2197419048,,,0.882383715,1.273981824,27%,,389374,1.19054535,19%,,828000,1.295774185,29.58%
22-Jan-25,8.97%,31%,21%,29.73%,8.97%,33.77%,2228470376,,33.77%,33.77%,,2228470376,2228470376,,,0.929132479,1.305621003,31%,,396629,1.212728095,21%,,829000,1.297339128,29.73%
23-Jan-25,7.59%,31%,24%,31.53%,7.59%,27.71%,2200063975,,27.71%,27.71%,,2200063975,2200063975,,,0.929132479,1.305621003,31%,,407034,1.244542219,24%,,840500,1.31533597,31.53%
24-Jan-25,7.59%,31%,24%,31.53%,7.59%,27.71%,2200063975,,27.71%,27.71%,,2200063975,2200063975,,,0.929132479,1.305621003,31%,,407034,1.244542219,24%,,840500,1.31533597,31.53%
25-Jan-25,13.07%,31%,24%,31.46%,13.07%,50.11%,2312325625,,50.11%,50.11%,,2312325625,2312325625,,,0.940073678,1.313025917,31%,,407034,1.244542219,24%,,840000,1.314553498,31.46%
26-Jan-25,12.88%,29%,26%,31.85%,12.88%,48.58%,2308380733,,48.58%,48.58%,,2308380733,2308380733,,,0.909239388,1.292157523,29%,,413651,1.264774228,26%,,842500,1.318465855,31.85%
27-Jan-25,12.87%,29%,27%,32.00%,12.87%,47.84%,2308101510,,47.84%,47.84%,,2308101510,2308101510,,,0.902774133,1.287781892,29%,,415001,1.268901962,27%,,843500,1.320030798,32.00%
28-Jan-25,12.87%,29%,26%,32.16%,12.87%,47.84%,2308101510,,47.84%,47.84%,,2308101510,2308101510,,,0.902774133,1.287781892,29%,,412719,1.261924563,26%,,844500,1.321595741,32.16%
29-Jan-25,15.88%,29%,26%,30.91%,15.88%,60.09%,2369646573,,60.09%,60.09%,,2369646573,2369646573,,,0.900287497,1.286098957,29%,,412719,1.261924563,26%,,836500,1.309076199,30.91%
30-Jan-25,14.97%,29%,25%,31.38%,14.97%,55.32%,2350986656,,55.32%,55.32%,,2350986656,2350986656,,,0.900287497,1.286098957,29%,,410449,1.254983856,25%,,839500,1.313771027,31.38%
31-Jan-25,14.97%,29%,25%,31.38%,14.97%,55.32%,2350986656,,55.32%,55.32%,,2350986656,2350986656,,,0.900287497,1.286098957,29%,,410449,1.254983856,25%,,839500,1.313771027,31.38%
1-Feb-25,14.61%,27%,25%,31.89%,14.61%,53.06%,2343648135,,53.06%,53.06%,,2343648135,2343648135,,,0.870945188,1.266240323,27%,,410449,1.254983856,25%,,842800,1.318935338,31.89%
2-Feb-25,13.61%,28%,28%,32.08%,13.61%,48.30%,2323290120,,48.30%,48.30%,,2323290120,2323290120,,,0.885367679,1.276001346,28%,,418277,1.278918595,28%,,844000,1.320813269,32.08%
3-Feb-25,14.53%,29%,30%,31.80%,14.53%,51.33%,2342017961,,51.33%,51.33%,,2342017961,2342017961,,,0.906752751,1.290474588,29%,,423872,1.296025757,30%,,842200,1.317996372,31.80%
4-Feb-25,13.52%,31%,30%,32.94%,13.52%,46.69%,2321400911,,46.69%,46.69%,,2321400911,2321400911,,,0.931121788,1.306967351,31%,,424935,1.299275965,30%,,849500,1.329420455,32.94%
5-Feb-25,16.29%,30%,30%,34.19%,16.29%,57.01%,2378063151,,57.01%,57.01%,,2378063151,2378063151,,,0.915704642,1.296533154,30%,,425854,1.302085881,30%,,857500,1.341939997,34.19%
6-Feb-25,14.95%,30%,35%,34.74%,14.95%,50.99%,2350634547,,50.99%,50.99%,,2350634547,2350634547,,,0.915704642,1.296533154,30%,,440413,1.346601194,35%,,861000,1.347417297,34.74%
7-Feb-25,14.95%,30%,35%,34.74%,14.95%,50.99%,2350634547,,50.99%,50.99%,,2350634547,2350634547,,,0.915704642,1.296533154,30%,,440413,1.346601194,35%,,861000,1.347417297,34.74%
8-Feb-25,14.95%,30%,35%,40.30%,14.95%,50.99%,2350634547,,50.99%,50.99%,,2350634547,2350634547,,,0.915704642,1.296533154,30%,,440413,1.346601194,35%,,896500,1.402972765,40.30%
9-Feb-25,19.82%,33%,35%,45.31%,19.82%,69.78%,2450311622,,69.78%,69.78%,,2450311622,2450311622,,,0.962950733,1.32850892,33%,,440413,1.346601194,35%,,928500,1.453050934,45.31%
10-Feb-25,19.82%,33%,47%,44.29%,19.82%,69.78%,2450311622,,69.78%,69.78%,,2450311622,2450311622,,,0.962950733,1.32850892,33%,,482265,1.474567047,47%,,922000,1.442878806,44.29%
11-Feb-25,12.75%,33%,47%,39.83%,12.75%,41.56%,2305635581,,41.56%,41.56%,,2305635581,2305635581,,,0.962950733,1.32850892,33%,,482265,1.474567047,47%,,893500,1.398277937,39.83%
12-Feb-25,12.75%,33%,45%,39.59%,12.75%,41.56%,2305635581,,41.56%,41.56%,,2305635581,2305635581,,,0.962950733,1.32850892,33%,,473025,1.446315004,45%,,892000,1.395930523,39.59%
13-Feb-25,12.10%,33%,45%,40.92%,12.10%,38.76%,2292450065,,38.76%,38.76%,,2292450065,2292450065,,,0.962950733,1.32850892,33%,,473025,1.446315004,45%,,900500,1.409232536,40.92%
14-Feb-25,12.10%,33%,45%,40.92%,12.10%,38.76%,2292450065,,38.76%,38.76%,,2292450065,2292450065,,,0.962950733,1.32850892,33%,,473025,1.446315004,45%,,900500,1.409232536,40.92%
15-Feb-25,13.75%,33%,45%,42.96%,13.75%,44.16%,2326201378,,44.16%,44.16%,,2326201378,2326201378,,,0.962950733,1.32850892,33%,,473025,1.446315004,45%,,913500,1.429576793,42.96%
16-Feb-25,12.04%,31%,47%,42.88%,12.04%,37.65%,2291235661,,37.65%,37.65%,,2291235661,2291235661,,,0.928866348,1.305440888,31%,,481880,1.473389878,47%,,913000,1.428794321,42.88%
17-Feb-25,14.12%,33%,47%,43.11%,14.12%,44.42%,2333758350,,44.42%,44.42%,,2333758350,2333758350,,,0.959852152,1.326411826,33%,,480918,1.470448486,47%,,914500,1.431141735,43.11%
18-Feb-25,14.30%,34%,49%,44.68%,14.30%,44.53%,2337455499,,44.53%,44.53%,,2337455499,2337455499,,,0.979992926,1.340042935,34%,,487527,1.490656034,49%,,924500,1.446791163,44.68%
19-Feb-25,14.32%,35%,52%,45.15%,14.32%,44.06%,2337713797,,44.06%,44.06%,,2337713797,2337713797,,,0.995485828,1.350528404,35%,,497912,1.522409006,52%,,927500,1.451485991,45.15%
20-Feb-25,9.55%,35%,59%,47.26%,9.55%,27.96%,2240307810,,27.96%,27.96%,,2240307810,2240307810,,,0.995485828,1.350528404,35%,,520615,1.591825253,59%,,941000,1.472612719,47.26%
21-Feb-25,9.55%,35%,59%,47.26%,9.55%,27.96%,2240307810,,27.96%,27.96%,,2240307810,2240307810,,,0.995485828,1.350528404,35%,,520615,1.591825253,59%,,941000,1.472612719,47.26%
22-Feb-25,15.19%,35%,59%,46.64%,15.19%,46.00%,2855576933,,46.00%,46.00%,,2855576933,2855576933,,,0.989288667,1.346334217,35%,,520615,1.591825253,59%,,937000,1.466352948,46.64%
23-Feb-25,12.00%,37%,65%,45.90%,12.00%,35.04%,3276507339,,35.04%,35.04%,,3276507339,3276507339,,,1.028020923,1.372547889,37%,,539908,1.650815151,65%,,932300,1.458997717,45.90%
24-Feb-25,12.42%,41%,58%,44.05%,12.42%,36.01%,3288920125,,36.01%,36.01%,,3288920125,3288920125,,,1.080696791,1.408198484,41%,,516387,1.578897803,58%,,920500,1.440531392,44.05%
25-Feb-25,10.07%,42%,59%,45.31%,10.07%,28.36%,3220098350,,28.36%,28.36%,,3220098350,3220098350,,,1.100837564,1.421829593,42%,,519153,1.587355071,59%,,928500,1.453050934,45.31%
26-Feb-25,11.25%,41%,54%,45.85%,11.25%,31.62%,3254447002,,31.62%,31.62%,,3254447002,3254447002,,,1.079147501,1.407149937,41%,,503337,1.53899638,54%,,932000,1.458528234,45.85%
27-Feb-25,12.59%,41%,58%,45.54%,12.59%,35.38%,3293712896,,35.38%,35.38%,,3293712896,3293712896,,,1.079147501,1.407149937,41%,,515802,1.577109119,58%,,930000,1.455398348,45.54%
28-Feb-25,12.59%,41%,58%,45.54%,12.59%,35.38%,3293712896,,35.38%,35.38%,,3293712896,3293712896,,,1.079147501,1.407149937,41%,,515802,1.577109119,58%,,930000,1.455398348,45.54%
1-Mar-25,11.43%,41%,58%,45.07%,11.43%,31.51%,3259742213,,31.51%,31.51%,,3259742213,3259742213,,,1.086893952,1.412392671,41%,,515802,1.577109119,58%,,927000,1.45070352,45.07%
2-Mar-25,10.09%,42%,51%,44.99%,10.09%,27.28%,3220706191,,27.28%,27.28%,,3220706191,3220706191,,,1.105485435,1.424975234,42%,,494124,1.510826892,51%,,926500,1.449921049,44.99%
3-Mar-25,10.27%,40%,49%,42.96%,10.27%,27.51%,3225799008,,27.51%,27.51%,,3225799008,3225799008,,,1.069851759,1.400858656,40%,,488594,1.493918473,49%,,913500,1.429576793,42.96%
4-Mar-25,10.06%,40%,46%,42.49%,10.06%,26.66%,3219850673,,26.66%,26.66%,,3219850673,3219850673,,,1.063654598,1.396664468,40%,,477727,1.460691747,46%,,910500,1.424881964,42.49%
5-Mar-25,11.63%,39%,48%,39.28%,11.63%,30.84%,3265681096,,30.84%,30.84%,,3265681096,3265681096,,,1.048161696,1.386178999,39%,,485165,1.48343403,48%,,890000,1.392800637,39.28%
6-Mar-25,11.39%,39%,45%,40.19%,11.39%,29.85%,3258524993,,29.85%,29.85%,,3258524993,3258524993,,,1.048161696,1.386178999,39%,,474691,1.451408933,45%,,895800,1.401877305,40.19%
7-Mar-25,11.39%,39%,45%,40.19%,11.39%,29.85%,3258524993,,29.85%,29.85%,,3258524993,3258524993,,,1.048161696,1.386178999,39%,,474691,1.451408933,45%,,895800,1.401877305,40.19%
8-Mar-25,10.75%,37%,45%,43.74%,10.75%,27.78%,4239816925,,27.78%,27.78%,,4239816925,4239816925,,,1.021823762,1.368353702,37%,,474691,1.451408933,45%,,918500,1.437401506,43.74%
9-Mar-25,9.31%,35%,51%,45.07%,9.31%,23.62%,4184976109,,23.62%,23.62%,,4184976109,4184976109,,,0.998584408,1.352625498,35%,,494344,1.51149956,51%,,927000,1.45070352,45.07%
10-Mar-25,9.73%,36%,56%,45.57%,9.73%,24.52%,4200963231,,24.52%,24.52%,,4200963231,4200963231,,,1.00942944,1.359965326,36%,,509271,1.557140062,56%,,930200,1.455711337,45.57%
11-Mar-25,9.72%,34%,55%,45.90%,9.72%,24.26%,4200553680,,24.26%,24.26%,,4200553680,4200553680,,,0.986190086,1.344237123,34%,,506961,1.550077051,55%,,932300,1.458997717,45.90%
12-Mar-25,9.59%,34%,53%,45.93%,9.59%,23.71%,4195724591,,23.71%,23.71%,,4195724591,4195724591,,,0.975345055,1.336897295,34%,,500891,1.531517538,53%,,932500,1.459310705,45.93%
13-Mar-25,8.91%,34%,53%,45.38%,8.91%,21.71%,4169334203,,21.71%,21.71%,,4169334203,4169334203,,,0.975345055,1.336897295,34%,,498831,1.525218923,53%,,929000,1.453833406,45.38%
14-Mar-25,8.91%,34%,53%,45.38%,8.91%,21.71%,4169334203,,21.71%,21.71%,,4169334203,4169334203,,,0.975345055,1.336897295,34%,,498831,1.525218923,53%,,929000,1.453833406,45.38%
15-Mar-25,10.40%,38%,53%,43.85%,10.40%,25.35%,4226399936,,25.35%,25.35%,,4226399936,4226399936,,,1.034218084,1.376742077,38%,,498831,1.525218923,53%,,919200,1.438496966,43.85%
16-Mar-25,8.34%,37%,53%,47.03%,8.34%,19.90%,4147655819,,19.90%,19.90%,,4147655819,4147655819,,,1.028020923,1.372547889,37%,,499103,1.526050585,53%,,939500,1.470265305,47.03%
17-Mar-25,8.34%,37%,57%,49.61%,8.34%,19.72%,4147548043,,19.72%,19.72%,,4147548043,4147548043,,,1.017175891,1.365208061,37%,,514744,1.573874199,57%,,956000,1.496086861,49.61%
18-Mar-25,9.63%,34%,66%,54.30%,9.63%,22.75%,4196997833,,22.75%,22.75%,,4196997833,4196997833,,,0.986190086,1.344237123,34%,,542712,1.659388606,66%,,986000,1.543035144,54.30%
19-Mar-25,9.63%,34%,77%,53.99%,9.63%,22.75%,4196997833,,22.75%,22.75%,,4196997833,4196997833,,,0.986190086,1.344237123,34%,,578999,1.770339025,77%,,984000,1.539905258,53.99%
20-Mar-25,9.63%,34%,77%,53.76%,9.63%,22.75%,4196997833,,22.75%,22.75%,,4196997833,4196997833,,,0.986190086,1.344237123,34%,,578999,1.770339025,77%,,982500,1.537557844,53.76%
21-Mar-25,9.63%,34%,77%,53.76%,9.63%,22.75%,4196997833,,22.75%,22.75%,,4196997833,4196997833,,,0.986190086,1.344237123,34%,,578999,1.770339025,77%,,982500,1.537557844,53.76%
22-Mar-25,9.63%,34%,77%,53.76%,9.63%,22.75%,4196997833,,22.75%,22.75%,,4196997833,4196997833,,,0.986190086,1.344237123,34%,,578999,1.770339025,77%,,982500,1.537557844,53.76%
23-Mar-25,9.63%,34%,77%,53.76%,9.63%,22.75%,4196997833,,22.75%,22.75%,,4196997833,4196997833,,,0.986190086,1.344237123,34%,,578999,1.770339025,77%,,982500,1.537557844,53.76%
24-Mar-25,9.63%,34%,77%,53.76%,9.63%,22.75%,4196997833,,22.75%,22.75%,,4196997833,4196997833,,,0.986190086,1.344237123,34%,,578999,1.770339025,77%,,982500,1.537557844,53.76%
25-Mar-25,8.11%,38%,77%,60.56%,8.11%,18.82%,4138752747,,18.82%,18.82%,,4138752747,4138752747,,,1.041964535,1.381984811,38%,,578999,1.770339025,77%,,1026000,1.605632855,60.56%
26-Mar-25,8.48%,39%,74%,60.41%,8.48%,19.56%,4152933318,,19.56%,19.56%,,4152933318,4152933318,,,1.057457437,1.39247028,39%,,570328,1.743826745,74%,,1025000,1.604067912,60.41%
27-Mar-25,5.08%,39%,81%,61.35%,5.08%,11.40%,4022920337,,11.40%,11.40%,,4022920337,4022920337,,,1.057457437,1.39247028,39%,,592703,1.812240106,81%,,1031000,1.613457569,61.35%
28-Mar-25,5.08%,39%,81%,61.35%,5.08%,11.40%,4022920337,,11.40%,11.40%,,4022920337,4022920337,,,1.057457437,1.39247028,39%,,592703,1.812240106,81%,,1031000,1.613457569,61.35%
29-Mar-25,8.70%,41%,81%,63.93%,8.70%,19.76%,4161528019,,19.76%,19.76%,,4161528019,4161528019,,,1.088443242,1.413441218,41%,,592703,1.812240106,81%,,1047500,1.639279125,63.93%
30-Mar-25,8.59%,44%,93%,62.28%,8.59%,19.34%,4157319382,,19.34%,19.34%,,4157319382,4157319382,,,1.134921949,1.444897625,44%,,629932,1.926070765,93%,,1037000,1.622847226,62.28%
31-Mar-25,8.59%,44%,88%,62.28%,8.59%,19.34%,4157319382,,19.34%,19.34%,,4157319382,4157319382,,,1.134921949,1.444897625,44%,,613729,1.87652879,88%,,1037000,1.622847226,62.28%
1-Apr-25,8.59%,44%,88%,62.28%,8.59%,19.34%,4157319382,,19.34%,19.34%,,4157319382,4157319382,,,1.134921949,1.444897625,44%,,613729,1.87652879,88%,,1037000,1.622847226,62.28%
2-Apr-25,8.59%,44%,88%,62.28%,8.59%,19.34%,4157319382,,19.34%,19.34%,,4157319382,4157319382,,,1.134921949,1.444897625,44%,,613729,1.87652879,88%,,1037000,1.622847226,62.28%
3-Apr-25,8.59%,44%,88%,64.32%,8.59%,19.34%,4157319382,,19.34%,19.34%,,4157319382,4157319382,,,1.134921949,1.444897625,44%,,613729,1.87652879,88%,,1050000,1.643191482,64.32%
4-Apr-25,8.59%,44%,88%,64.32%,8.59%,19.34%,4157319382,,19.34%,19.34%,,4157319382,4157319382,,,1.134921949,1.444897625,44%,,613729,1.87652879,88%,,1050000,1.643191482,64.32%
5-Apr-25,6.05%,43%,88%,60.88%,6.05%,13.31%,4059869685,,13.31%,13.31%,,4059869685,4059869685,,,1.114781176,1.431266516,43%,,613729,1.87652879,88%,,1028000,1.608762741,60.88%
6-Apr-25,6.75%,39%,78%,63.61%,6.75%,14.81%,4086962664,,14.81%,14.81%,,4086962664,4086962664,,,1.055908147,1.391421733,39%,,580818,1.775900763,78%,,1045500,1.636149239,63.61%
7-Apr-25,5.54%,39%,81%,65.57%,5.54%,11.97%,4040409333,,11.97%,11.97%,,4040409333,4040409333,,,1.046612406,1.385130452,39%,,591566,1.808763637,81%,,1058000,1.655711024,65.57%
8-Apr-25,3.86%,43%,85%,56.34%,3.86%,8.19%,3976018136,,8.19%,8.19%,,3976018136,3976018136,,,1.107034725,1.426023781,43%,,605577,1.851603395,85%,,999000,1.5633794,56.34%
9-Apr-25,8.20%,42%,67%,56.34%,8.20%,17.69%,4142487299,,17.69%,17.69%,,4142487299,4142487299,,,1.093091113,1.416586859,42%,,546215,1.67009931,67%,,999000,1.5633794,56.34%
10-Apr-25,13.58%,42%,64%,57.36%,13.58%,29.85%,4348343256,,29.85%,29.85%,,4348343256,4348343256,,,1.093091113,1.416586859,42%,,536999,1.64192065,64%,,1005500,1.573551528,57.36%
11-Apr-25,13.58%,42%,64%,57.36%,13.58%,29.85%,4348343256,,29.85%,29.85%,,4348343256,4348343256,,,1.093091113,1.416586859,42%,,536999,1.64192065,64%,,1005500,1.573551528,57.36%
12-Apr-25,15.36%,43%,64%,48.20%,15.36%,33.77%,4416433617,,33.77%,33.77%,,4416433617,4416433617,,,1.119429047,1.434412156,43%,,536999,1.64192065,64%,,947000,1.482002376,48.20%
13-Apr-25,13.97%,48%,56%,33.02%,13.97%,30.27%,4363377056,,30.27%,30.27%,,4363377056,4363377056,,,1.182949947,1.477402579,48%,,510966,1.56232266,56%,,850000,1.330202926,33.02%
14-Apr-25,18.94%,49%,41%,40.06%,18.94%,41.65%,4553673593,,41.65%,41.65%,,4553673593,4553673593,,,1.196893559,1.486839501,49%,,462520,1.414195123,41%,,895000,1.400625351,40.06%
15-Apr-25,24.90%,49%,45%,37.79%,24.90%,55.76%,4781809290,,55.76%,55.76%,,4781809290,4781809290,,,1.20154143,1.489985142,49%,,472944,1.44606734,45%,,880500,1.377933681,37.79%
16-Apr-25,25.02%,51%,49%,37.72%,25.02%,55.56%,4786243249,,55.56%,55.56%,,4786243249,4786243249,,,1.226330073,1.506761892,51%,,487683,1.491133017,49%,,880000,1.377151209,37.72%
17-Apr-25,28.64%,51%,46%,33.49%,28.64%,64.02%,4924756106,,64.02%,64.02%,,4924756106,4924756106,,,1.226330073,1.506761892,51%,,477248,1.459227166,46%,,853000,1.334897754,33.49%
18-Apr-25,28.64%,51%,46%,33.49%,28.64%,64.02%,4924756106,,64.02%,64.02%,,4924756106,4924756106,,,1.226330073,1.506761892,51%,,477248,1.459227166,46%,,853000,1.334897754,33.49%
19-Apr-25,28.15%,54%,46%,32.86%,28.15%,62.27%,4906246953,,62.27%,62.27%,,4906246953,4906246953,,,1.280555232,1.543461034,54%,,477248,1.459227166,46%,,849000,1.328637983,32.86%
20-Apr-25,25.54%,59%,40%,32.86%,25.54%,55.39%,4806055856,,55.39%,55.39%,,4806055856,4806055856,,,1.348724002,1.589597097,59%,,456973,1.397234724,40%,,849000,1.328637983,32.86%
21-Apr-25,25.91%,63%,30%,32.86%,25.91%,55.80%,4820303349,,55.80%,55.80%,,4820303349,4820303349,,,1.415343483,1.634684614,63%,,424661,1.298438188,30%,,849000,1.328637983,32.86%
22-Apr-25,26.64%,60%,35%,32.86%,26.64%,57.06%,"$4,848,226,779.71 ",,57.06%,57.06%,,"$4,848,226,779.71 ","$4,848,226,779.71 ",,,1.362667614,1.599034019,60%,,441051,1.34855193,35%,,849000,1.328637983,32.86%
23-Apr-25,24.01%,56%,32%,32.86%,24.01%,50.47%,"$4,747,692,867.63 ",,50.47%,50.47%,,"$4,747,692,867.63 ","$4,747,692,867.63 ",,,1.311541037,1.564431972,56%,,430272,1.315594271,32%,,849000,1.328637983,32.86%
24-Apr-25,24.01%,56%,32%,32.86%,24.01%,50.47%,"$4,747,692,867.63 ",,50.47%,50.47%,,"$4,747,692,867.63 ","$4,747,692,867.63 ",,,1.311541037,1.564431972,56%,,431108,1.318150408,32%,,849000,1.328637983,32.86%
25-Apr-25,24.01%,56%,32%,32.86%,24.01%,50.47%,"$4,747,692,867.63 ",,50.47%,50.47%,,"$4,747,692,867.63 ","$4,747,692,867.63 ",,,1.311541037,1.564431972,56%,,431108,1.318150408,32%,,849000,1.328637983,32.86%
26-Apr-25,23.19%,59%,32%,32.86%,23.19%,48.20%,"$4,716,378,666.03 ",,48.20%,48.20%,,"$4,716,378,666.03 ","$4,716,378,666.03 ",,,1.347174712,1.58854855,59%,,431108,1.318150408,32%,,849000,1.328637983,32.86%
27-Apr-25,24.11%,59%,32%,29.89%,24.11%,49.87%,"$4,751,357,561.46 ",,49.87%,49.87%,,"$4,751,357,561.46 ","$4,751,357,561.46 ",,,1.347174712,1.58854855,59%,,431108,1.318150408,32%,,830000,1.298904071,29.89%
28-Apr-25,23.70%,59%,32%,29.89%,23.70%,48.57%,"$4,735,888,212.69 ",,48.57%,48.57%,,"$4,735,888,212.69 ","$4,735,888,212.69 ",,,1.347174712,1.58854855,59%,,431108,1.318150408,32%,,830000,1.298904071,29.89%
29-Apr-25,24.68%,57%,32%,26.74%,24.68%,50.34%,"$4,773,146,259.00 ",,50.34%,50.34%,,"$4,773,146,259.00 ","$4,773,146,259.00 ",,,1.317738198,1.568626159,57%,,431108,1.318150408,32%,,809850,1.267370474,26.74%
30-Apr-25,26.23%,58%,37%,28.30%,26.23%,53.38%,"$4,832,522,063.77 ",,53.38%,53.38%,,"$4,832,522,063.77 ","$4,832,522,063.77 ",,,1.340977551,1.584354363,58%,,448026,1.369878553,37%,,819850,1.283019901,28.30%
1-May-25,27.62%,58%,39%,28.30%,27.62%,56.04%,"$4,885,708,626.54 ",,56.04%,56.04%,,"$4,885,708,626.54 ","$4,885,708,626.54 ",,,1.340977551,1.584354363,58%,,455569,1.392941882,39%,,819850,1.283019901,28.30%
2-May-25,27.62%,58%,39%,28.30%,27.62%,56.04%,"$4,885,708,626.54 ",,56.04%,56.04%,,"$4,885,708,626.54 ","$4,885,708,626.54 ",,,1.340977551,1.584354363,58%,,455569,1.392941882,39%,,819850,1.283019901,28.30%
3-May-25,30.40%,54%,39%,33.02%,30.40%,61.81%,"$4,992,313,259.98 ",,61.81%,61.81%,,"$4,992,313,259.98 ","$4,992,313,259.98 ",,,1.27125949,1.537169752,54%,,455569,1.392941882,39%,,850000,1.330202926,33.02%
4-May-25,29.10%,50%,49%,36.93%,29.10%,58.43%,"$4,942,584,376.21 ",,58.43%,58.43%,,"$4,942,584,376.21 ","$4,942,584,376.21 ",,,1.221682203,1.503616251,50%,,485753,1.485231887,49%,,875000,1.369326496,36.93%
5-May-25,28.78%,52%,51%,32.24%,28.78%,57.26%,"$4,930,222,401.90 ",,57.26%,57.26%,,"$4,930,222,401.90 ","$4,930,222,401.90 ",,,1.251118717,1.523538643,52%,,495165,1.514009833,51%,,845000,1.322378212,32.24%
6-May-25,28.47%,54%,49%,29.89%,28.47%,56.14%,"$4,918,399,686.59 ",,56.14%,56.14%,,"$4,918,399,686.59 ","$4,918,399,686.59 ",,,1.272808781,1.538218299,54%,,487659,1.491059635,49%,,830000,1.298904071,29.89%
7-May-25,28.93%,54%,44%,26.76%,28.93%,56.68%,"$4,935,838,712.22 ",,56.68%,56.68%,,"$4,935,838,712.22 ","$4,935,838,712.22 ",,,1.272808781,1.538218299,54%,,471705,1.442278998,44%,,810000,1.267605215,26.76%
8-May-25,28.39%,54%,44%,27.54%,28.39%,55.10%,"$4,915,315,881.19 ",,55.10%,55.10%,,"$4,915,315,881.19 ","$4,915,315,881.19 ",,,1.272808781,1.538218299,54%,,471200,1.44073492,44%,,815000,1.275429929,27.54%
9-May-25,28.39%,54%,45%,27.54%,28.39%,55.10%,"$4,915,315,881.19 ",,55.10%,55.10%,,"$4,915,315,881.19 ","$4,915,315,881.19 ",,,1.272808781,1.538218299,54%,,474460,1.450702632,45%,,815000,1.275429929,27.54%
10-May-25,27.17%,57%,45%,27.54%,27.17%,52.11%,"$4,868,435,097.04 ",,52.11%,52.11%,,"$4,868,435,097.04 ","$4,868,435,097.04 ",,,1.322386068,1.5717718,57%,,474460,1.450702632,45%,,815000,1.275429929,27.54%
11-May-25,32.52%,54%,48%,29.11%,32.52%,62.98%,"$5,073,557,040.43 ",,62.98%,62.98%,,"$5,073,557,040.43 ","$5,073,557,040.43 ",,,1.26816091,1.535072658,54%,,484632,1.481804339,48%,,825000,1.291079357,29.11%
12-May-25,30.22%,52%,49%,29.11%,30.22%,57.66%,"$4,985,450,541.75 ",,57.66%,57.66%,,"$4,985,450,541.75 ","$4,985,450,541.75 ",,,1.252668008,1.524587189,52%,,488650,1.494089697,49%,,825000,1.291079357,29.11%
13-May-25,29.90%,57%,44%,28.33%,29.90%,56.55%,"$4,973,109,639.89 ",,56.55%,56.55%,,"$4,973,109,639.89 ","$4,973,109,639.89 ",,,1.319287488,1.569674706,57%,,471582,1.441902916,44%,,820000,1.283254643,28.33%
14-May-25,29.88%,58%,45%,27.54%,29.88%,56.09%,"$4,972,386,452.89 ",,56.09%,56.09%,,"$4,972,386,452.89 ","$4,972,386,452.89 ",,,1.339428261,1.583305816,58%,,475488,1.453845825,45%,,815000,1.275429929,27.54%
15-May-25,31.90%,60%,44%,26.76%,31.90%,59.79%,"$5,049,616,595.14 ",,59.79%,59.79%,,"$5,049,616,595.14 ","$5,049,616,595.14 ",,,1.365766195,1.601131113,60%,,470494,1.438576268,44%,,810000,1.267605215,26.76%
16-May-25,31.90%,60%,44%,26.76%,31.90%,59.79%,"$5,049,616,595.14 ",,59.79%,59.79%,,"$5,049,616,595.14 ","$5,049,616,595.14 ",,,1.365766195,1.601131113,60%,,470494,1.438576268,44%,,810000,1.267605215,26.76%
17-May-25,32.21%,60%,44%,26.76%,32.21%,59.97%,"$5,061,420,140.32 ",,59.97%,59.97%,,"$5,061,420,140.32 ","$5,061,420,140.32 ",,,1.368864775,1.603228207,60%,,470494,1.438576268,44%,,810000,1.267605215,26.76%
18-May-25,33.55%,61%,40%,26.76%,33.55%,62.25%,"$5,112,998,136.82 ",,62.25%,62.25%,,"$5,112,998,136.82 ","$5,112,998,136.82 ",,,1.379709807,1.610568035,61%,,459218,1.404098992,40%,,810000,1.267605215,26.76%
19-May-25,32.99%,60%,37%,28.33%,32.99%,60.65%,"$5,091,388,430.59 ",,60.65%,60.65%,,"$5,091,388,430.59 ","$5,091,388,430.59 ",,,1.365766195,1.601131113,60%,,447923,1.369563622,37%,,820000,1.283254643,28.33%
20-May-25,34.82%,57%,39%,29.11%,34.82%,63.86%,"$5,161,459,043.34 ",,63.86%,63.86%,,"$5,161,459,043.34 ","$5,161,459,043.34 ",,,1.316188907,1.567577612,57%,,454528,1.38975894,39%,,825000,1.291079357,29.11%
21-May-25,32.51%,53%,46%,28.33%,32.51%,58.81%,"$5,072,861,564.85 ",,58.81%,58.81%,,"$5,072,861,564.85 ","$5,072,861,564.85 ",,,1.265062329,1.532975565,53%,,478970,1.464492319,46%,,820000,1.283254643,28.33%
22-May-25,33.10%,55%,46%,27.54%,33.10%,59.54%,"$5,095,656,137.83 ",,59.54%,59.54%,,"$5,095,656,137.83 ","$5,095,656,137.83 ",,,1.292949554,1.551849409,55%,,478213,1.462177731,46%,,815000,1.275429929,27.54%
23-May-25,33.10%,55%,45%,28.33%,33.10%,59.54%,"$5,095,656,137.83 ",,59.54%,59.54%,,"$5,095,656,137.83 ","$5,095,656,137.83 ",,,1.292949554,1.551849409,55%,,473266,1.447051881,45%,,820000,1.283254643,28.33%
24-May-25,32.20%,52%,45%,28.33%,32.20%,57.37%,"$5,061,184,791.30 ",,57.37%,57.37%,,"$5,061,184,791.30 ","$5,061,184,791.30 ",,,1.252668008,1.524587189,52%,,473266,1.447051881,45%,,820000,1.283254643,28.33%
25-May-25,31.27%,53%,44%,28.33%,31.27%,55.18%,"$5,025,603,881.93 ",,55.18%,55.18%,,"$5,025,603,881.93 ","$5,025,603,881.93 ",,,1.254217298,1.525635736,53%,,471081,1.440371068,44%,,820000,1.283254643,28.33%
26-May-25,30.79%,55%,42%,29.89%,30.79%,53.89%,"$5,007,350,034.46 ",,53.89%,53.89%,,"$5,007,350,034.46 ","$5,007,350,034.46 ",,,1.291400263,1.550800862,55%,,464547,1.420392838,42%,,830000,1.298904071,29.89%
27-May-25,31.71%,54%,43%,28.33%,31.71%,55.23%,"$5,042,444,079.18 ",,55.23%,55.23%,,"$5,042,444,079.18 ","$5,042,444,079.18 ",,,1.277456651,1.54136394,54%,,466189,1.425413385,43%,,820000,1.283254643,28.33%
28-May-25,31.98%,54%,43%,27.54%,31.98%,55.35%,"$5,052,644,772.18 ",,55.35%,55.35%,,"$5,052,644,772.18 ","$5,052,644,772.18 ",,,1.277456651,1.54136394,54%,,467639,1.429846876,43%,,815000,1.275429929,27.54%
29-May-25,31.89%,54%,43%,27.54%,31.89%,54.80%,5049358902,,54.80%,54.80%,,5049358902,5049358902,,,1.277456651,1.54136394,54%,,467639,1.429846876,43%,,815000,1.275429929,27.54%
30-May-25,31.89%,55%,43%,28.33%,31.89%,54.80%,5049358902,,54.80%,54.80%,,5049358902,5049358902,,,1.291400263,1.550800862,55%,,467639,1.429846876,43%,,820000,1.283254643,28.33%
31-May-25,34.18%,55%,43%,28.33%,34.18%,58.66%,5137062715,,58.66%,58.66%,,5137062715,5137062715,,,1.291400263,1.550800862,55%,,467639,1.429846876,43%,,820000,1.283254643,28.33%
1-Jun-25,33.38%,54%,43%,29.11%,33.38%,56.78%,5106513478,,56.78%,56.78%,,5106513478,5106513478,,,1.277456651,1.54136394,54%,,467639,1.429846876,43%,,825000,1.291079357,29.11%
2-Jun-25,30.94%,54%,41%,29.11%,30.94%,51.96%,5012744995,,51.96%,51.96%,,5012744995,5012744995,,,1.279005942,1.542412487,54%,,462423,1.413898537,41%,,825000,1.291079357,29.11%
3-Jun-25,31.81%,53%,43%,29.89%,31.81%,53.17%,5046174092,,53.17%,53.17%,,5046174092,5046174092,,,1.254217298,1.525635736,53%,,468537,1.432592584,43%,,830000,1.298904071,29.89%
4-Jun-25,31.81%,54%,45%,29.89%,31.81%,53.17%,5046174092,,53.17%,53.17%,,5046174092,5046174092,,,1.274358071,1.539266846,54%,,474798,1.451736094,45%,,830000,1.298904071,29.89%
5-Jun-25,31.81%,53%,45%,29.89%,31.81%,53.17%,5046174092,,53.17%,53.17%,,5046174092,5046174092,,,1.261963749,1.530878471,53%,,474798,1.451736094,45%,,830000,1.298904071,29.89%
6-Jun-25,31.81%,53%,45%,29.11%,31.81%,53.17%,5046174092,,53.17%,53.17%,,5046174092,5046174092,,,1.261963749,1.530878471,53%,,474798,1.451736094,45%,,825000,1.291079357,29.11%
7-Jun-25,33.95%,49%,45%,29.11%,33.95%,56.64%,5127991613,,56.64%,56.64%,,5127991613,5127991613,,,1.20154143,1.489985142,49%,,474798,1.451736094,45%,,825000,1.291079357,29.11%
8-Jun-25,33.84%,49%,46%,28.33%,33.84%,56.06%,5123777357,,56.06%,56.06%,,5123777357,5123777357,,,1.199992139,1.488936595,49%,,476409,1.456661856,46%,,820000,1.283254643,28.33%
9-Jun-25,34.79%,48%,45%,29.10%,34.79%,57.38%,5160321018,,57.38%,57.38%,,5160321018,5160321018,,,1.182949947,1.477402579,48%,,475810,1.454830365,45%,,824950,1.29100111,29.10%
10-Jun-25,33.99%,48%,48%,28.18%,33.99%,55.59%,5129712744,,55.59%,55.59%,,5129712744,5129712744,,,1.182949947,1.477402579,48%,,482472,1.475199966,48%,,819100,1.281846194,28.18%
11-Jun-25,34.17%,47%,44%,29.48%,34.17%,55.54%,5136723155,,55.54%,55.54%,,5136723155,5136723155,,,1.173654205,1.471111298,47%,,472415,1.44444988,44%,,827400,1.294835219,29.48%
12-Jun-25,34.32%,47%,46%,30.73%,34.32%,55.43%,5142277150,,55.43%,55.43%,,5142277150,5142277150,,,1.173654205,1.471111298,47%,,477466,1.459893719,46%,,835350,1.307276514,30.73%
13-Jun-25,34.32%,47%,46%,30.73%,34.32%,55.43%,5142277150,,55.43%,55.43%,,5142277150,5142277150,,,1.173654205,1.471111298,47%,,477466,1.459893719,46%,,835350,1.307276514,30.73%
14-Jun-25,34.32%,47%,46%,30.73%,34.32%,55.43%,5142277150,,55.43%,55.43%,,5142277150,5142277150,,,1.173654205,1.471111298,47%,,477466,1.459893719,46%,,835350,1.307276514,30.73%
15-Jun-25,34.32%,47%,46%,30.73%,34.32%,55.43%,5142277150,,55.43%,55.43%,,5142277150,5142277150,,,1.173654205,1.471111298,47%,,477466,1.459893719,46%,,835350,1.307276514,30.73%
16-Jun-25,34.32%,47%,46%,30.73%,34.32%,55.43%,5142277150,,55.43%,55.43%,,5142277150,5142277150,,,1.173654205,1.471111298,47%,,477466,1.459893719,46%,,835350,1.307276514,30.73%
17-Jun-25,34.32%,47%,46%,30.73%,34.32%,55.43%,5142277150,,55.43%,55.43%,,5142277150,5142277150,,,1.173654205,1.471111298,47%,,477466,1.459893719,46%,,835350,1.307276514,30.73%
18-Jun-25,34.32%,47%,46%,30.73%,34.32%,55.43%,5142277150,,55.43%,55.43%,,5142277150,5142277150,,,1.173654205,1.471111298,47%,,477466,1.459893719,46%,,835350,1.307276514,30.73%
19-Jun-25,34.32%,47%,46%,30.73%,34.32%,55.43%,5142277150,,55.43%,55.43%,,5142277150,5142277150,,,1.173654205,1.471111298,47%,,477466,1.459893719,46%,,835350,1.307276514,30.73%
20-Jun-25,34.32%,47%,46%,30.73%,34.32%,55.43%,5142277150,,55.43%,55.43%,,5142277150,5142277150,,,1.173654205,1.471111298,47%,,477466,1.459893719,46%,,835350,1.307276514,30.73%
21-Jun-25,34.32%,47%,46%,30.73%,34.32%,55.43%,5142277150,,55.43%,55.43%,,5142277150,5142277150,,,1.173654205,1.471111298,47%,,477466,1.459893719,46%,,835350,1.307276514,30.73%
22-Jun-25,34.32%,47%,46%,30.73%,34.32%,55.43%,5142277150,,55.43%,55.43%,,5142277150,5142277150,,,1.173654205,1.471111298,47%,,477466,1.459893719,46%,,835350,1.307276514,30.73%
23-Jun-25,34.32%,47%,46%,30.73%,34.32%,55.43%,5142277150,,55.43%,55.43%,,5142277150,5142277150,,,1.173654205,1.471111298,47%,,477466,1.459893719,46%,,835350,1.307276514,30.73%
24-Jun-25,34.32%,47%,46%,30.73%,34.32%,55.43%,5142277150,,55.43%,55.43%,,5142277150,5142277150,,,1.173654205,1.471111298,47%,,477466,1.459893719,46%,,835350,1.307276514,30.73%
25-Jun-25,34.32%,47%,46%,29.69%,34.32%,55.43%,5142277150,,55.43%,55.43%,,5142277150,5142277150,,,1.173654205,1.471111298,47%,,477466,1.459893719,46%,,828700,1.296869645,29.69%
26-Jun-25,34.32%,47%,46%,30.95%,34.32%,55.43%,5142277150,,55.43%,55.43%,,5142277150,5142277150,,,1.173654205,1.471111298,47%,,477466,1.459893719,46%,,836800,1.309545681,30.95%
27-Jun-25,34.32%,47%,46%,30.95%,34.32%,55.43%,5142277150,,55.43%,55.43%,,5142277150,5142277150,,,1.173654205,1.471111298,47%,,477466,1.459893719,46%,,836800,1.309545681,30.95%
28-Jun-25,25.78%,43%,46%,32.35%,25.78%,40.63%,4815324194,,40.63%,40.63%,,4815324194,4815324194,,,1.108584015,1.427072328,43%,,477466,1.459893719,46%,,845700,1.323473672,32.35%
29-Jun-25,29.27%,39%,49%,37.90%,29.27%,46.18%,4948987725,,46.18%,46.18%,,4948987725,4948987725,,,1.046612406,1.385130452,39%,,486686,1.488084609,49%,,881200,1.379029141,37.90%
30-Jun-25,32.55%,34%,56%,41.93%,32.55%,51.38%,5074682277,,51.38%,51.38%,,5074682277,5074682277,,,0.986190086,1.344237123,34%,,510032,1.55946688,56%,,906950,1.419326417,41.93%
1-Jul-25,27.78%,30%,67%,43.54%,27.78%,43.16%,4892106004,,43.16%,43.16%,,4892106004,4892106004,,,0.927317057,1.304392341,30%,,545421,1.667671591,67%,,917200,1.435367081,43.54%
2-Jul-25,28.17%,27%,69%,43.02%,28.17%,43.53%,4906876324,,43.53%,43.53%,,4906876324,4906876324,,,0.869993319,1.265596106,27%,,551903,1.687490827,69%,,913900,1.43020277,43.02%
3-Jul-25,28.17%,24%,63%,43.35%,28.17%,43.53%,4906876324,,43.53%,43.53%,,4906876324,4906876324,,,0.826613192,1.236236793,24%,,533991,1.632723448,63%,,916000,1.433489149,43.35%
4-Jul-25,28.17%,20%,63%,43.35%,28.17%,43.53%,4906876324,,43.53%,43.53%,,4906876324,4906876324,,,0.775486614,1.201634745,20%,,533991,1.632723448,63%,,916000,1.433489149,43.35%
5-Jul-25,28.17%,20%,63%,43.35%,28.17%,43.53%,4906876324,,43.53%,43.53%,,4906876324,4906876324,,,0.775486614,1.201634745,20%,,533991,1.632723448,63%,,916000,1.433489149,43.35%
6-Jul-25,28.17%,20%,63%,43.35%,28.17%,43.53%,4906876324,,43.53%,43.53%,,4906876324,4906876324,,,0.775486614,1.201634745,20%,,533991,1.632723448,63%,,916000,1.433489149,43.35%
7-Jul-25,29.99%,20%,63%,38.29%,29.99%,46.21%,4976455489,,46.21%,46.21%,,4976455489,4976455489,,,0.775486614,1.201634745,20%,,533991,1.632723448,63%,,883700,1.382941498,38.29%
8-Jul-25,30.09%,20%,59%,36.21%,30.09%,46.10%,4980520551,,46.10%,46.10%,,4980520551,4980520551,,,0.775486614,1.201634745,20%,,519921,1.589703292,59%,,870400,1.362127759,36.21%
9-Jul-25,30.09%,17%,57%,37.45%,30.09%,46.10%,4980520551,,46.10%,46.10%,,4980520551,4980520551,,,0.724360036,1.167032697,17%,,512035,1.565591214,57%,,878300,1.374490807,37.45%
10-Jul-25,30.09%,17%,58%,38.16%,30.09%,46.10%,4980520551,,46.10%,46.10%,,4980520551,4980520551,,,0.724360036,1.167032697,17%,,516185,1.578280172,58%,,882850,1.381611296,38.16%
11-Jul-25,31.07%,17%,58%,38.16%,31.07%,47.39%,5018000274,,47.39%,47.39%,,5018000274,5018000274,,,0.724360036,1.167032697,17%,,516185,1.578280172,58%,,882850,1.381611296,38.16%
12-Jul-25,33.00%,20%,58%,36.29%,33.00%,50.20%,5091823216,,50.20%,50.20%,,5091823216,5091823216,,,0.767740163,1.19639201,20%,,516185,1.578280172,58%,,870900,1.36291023,36.29%
13-Jul-25,31.19%,21%,57%,39.12%,31.19%,47.01%,5022575743,,47.01%,47.01%,,5022575743,5022575743,,,0.781683775,1.205828933,21%,,513111,1.56888117,57%,,889000,1.391235694,39.12%
14-Jul-25,34.43%,23%,59%,38.48%,34.43%,51.85%,5146375580,,51.85%,51.85%,,5146375580,5146375580,,,0.81266958,1.22679987,23%,,521031,1.593097207,59%,,884900,1.384819429,38.48%
15-Jul-25,39.57%,25%,64%,38.48%,39.57%,59.76%,5343502734,,59.76%,59.76%,,5343502734,5343502734,,,0.845204675,1.248819355,25%,,535199,1.636417005,64%,,884900,1.384819429,38.48%
16-Jul-25,40.52%,28%,62%,38.48%,40.52%,60.90%,5379748892,,60.90%,60.90%,,5379748892,5379748892,,,0.896331253,1.283421403,28%,,528365,1.615521501,62%,,884900,1.384819429,38.48%
17-Jul-25,40.52%,28%,61%,38.48%,40.52%,60.90%,5379748892,,60.90%,60.90%,,5379748892,5379748892,,,0.896331253,1.283421403,28%,,527220,1.612020571,61%,,884900,1.384819429,38.48%
18-Jul-25,40.52%,28%,61%,38.48%,40.52%,60.90%,5379748892,,60.90%,60.90%,,5379748892,5379748892,,,0.896331253,1.283421403,28%,,527220,1.612020571,61%,,884900,1.384819429,38.48%
19-Jul-25,39.41%,31%,61%,38.48%,39.41%,58.76%,5337267809,,58.76%,58.76%,,5337267809,5337267809,,,0.94126067,1.313829263,31%,,527220,1.612020571,61%,,884900,1.384819429,38.48%
20-Jul-25,38.13%,31%,60%,38.48%,38.13%,56.38%,5288054960,,56.38%,56.38%,,5288054960,5288054960,,,0.936612799,1.310683622,31%,,523434,1.600444572,60%,,884900,1.384819429,38.48%
21-Jul-25,38.97%,34%,58%,38.48%,38.97%,57.36%,5320511699,,57.36%,57.36%,,5320511699,5320511699,,,0.983091506,1.342140029,34%,,517716,1.582961328,58%,,884900,1.384819429,38.48%
22-Jul-25,39.41%,35%,60%,38.48%,39.41%,57.68%,5337180320,,57.68%,57.68%,,5337180320,5337180320,,,0.995485828,1.350528404,35%,,523765,1.601456631,60%,,884900,1.384819429,38.48%
23-Jul-25,39.50%,35%,62%,38.48%,39.50%,57.48%,5340788188,,57.48%,57.48%,,5340788188,5340788188,,,0.989288667,1.346334217,35%,,530311,1.621471552,62%,,884900,1.384819429,38.48%
24-Jul-25,39.50%,35%,62%,38.48%,39.50%,57.48%,5340788188,,57.48%,57.48%,,5340788188,5340788188,,,0.989288667,1.346334217,35%,,530889,1.623238834,62%,,884900,1.384819429,38.48%
25-Jul-25,39.50%,35%,62%,38.48%,39.50%,57.48%,5340788188,,57.48%,57.48%,,5340788188,5340788188,,,0.989288667,1.346334217,35%,,530889,1.623238834,62%,,884900,1.384819429,38.48%
26-Jul-25,38.91%,38%,62%,38.48%,38.91%,56.23%,5318030781,,56.23%,56.23%,,5318030781,5318030781,,,1.040415245,1.380936264,38%,,530889,1.623238834,62%,,884900,1.384819429,38.48%
27-Jul-25,38.22%,37%,60%,38.48%,38.22%,54.84%,5291538743,,54.84%,54.84%,,5291538743,5291538743,,,1.029570213,1.373596436,37%,,522473,1.597506237,60%,,884900,1.384819429,38.48%
28-Jul-25,38.61%,35%,59%,38.48%,38.61%,55.11%,5306427888,,55.11%,55.11%,,5306427888,5306427888,,,0.993936538,1.349479858,35%,,519907,1.589660486,59%,,884900,1.384819429,38.48%
29-Jul-25,38.64%,32%,62%,38.48%,38.64%,54.83%,5307603623,,54.83%,54.83%,,5307603623,5307603623,,,0.94590854,1.316974904,32%,,528987,1.617423316,62%,,884900,1.384819429,38.48%
30-Jul-25,38.89%,28%,62%,40.85%,38.89%,54.88%,5317189866,,54.88%,54.88%,,5317189866,5317189866,,,0.897880543,1.28446995,28%,,530666,1.622556993,62%,,900000,1.408450065,40.85%
31-Jul-25,38.89%,28%,62%,40.85%,38.89%,54.88%,5317189866,,54.88%,54.88%,,5317189866,5317189866,,,0.897880543,1.28446995,28%,,531422,1.624868524,62%,,900000,1.408450065,40.85%
1-Aug-25,38.89%,28%,62%,44.44%,38.89%,54.88%,5317189866,,54.88%,54.88%,,5317189866,5317189866,,,0.897880543,1.28446995,28%,,531422,1.624868524,62%,,923000,1.444443749,44.44%
2-Aug-25,39.56%,27%,62%,46.32%,39.56%,55.55%,5342949661,,55.55%,55.55%,,5342949661,5342949661,,,0.873091899,1.267693199,27%,,531422,1.624868524,62%,,935000,1.463223062,46.32%
3-Aug-25,42.22%,25%,68%,46.32%,42.22%,59.14%,5444682598,,59.14%,59.14%,,5444682598,5444682598,,,0.846753965,1.249867902,25%,,548347,1.676618072,68%,,935000,1.463223062,46.32%
4-Aug-25,43.10%,26%,71%,46.32%,43.10%,60.09%,5478382951,,60.09%,60.09%,,5478382951,5478382951,,,0.854500416,1.255110637,26%,,559863,1.711829167,71%,,935000,1.463223062,46.32%
5-Aug-25,45.60%,29%,72%,46.32%,45.60%,63.39%,5574056444,,63.39%,63.39%,,5574056444,5574056444,,,0.904077704,1.288664137,29%,,562224,1.719048114,72%,,935000,1.463223062,46.32%
6-Aug-25,45.73%,25%,72%,46.32%,45.73%,63.22%,5579233600,,63.22%,63.22%,,5579233600,5579233600,,,0.849852545,1.251964996,25%,,562319,1.719338584,72%,,935000,1.463223062,46.32%
7-Aug-25,45.73%,25%,70%,46.32%,45.73%,63.22%,5579233600,,63.22%,63.22%,,5579233600,5579233600,,,0.849852545,1.251964996,25%,,557410,1.704328922,70%,,935000,1.463223062,46.32%
8-Aug-25,45.73%,25%,70%,46.32%,45.73%,63.22%,5579233600,,63.22%,63.22%,,5579233600,5579233600,,,0.849852545,1.251964996,25%,,557410,1.704328922,70%,,935000,1.463223062,46.32%
9-Aug-25,44.90%,25%,70%,46.32%,44.90%,61.30%,5547553591,,61.30%,61.30%,,5547553591,5547553591,,,0.849852545,1.251964996,25%,,557410,1.704328922,70%,,935000,1.463223062,46.32%
10-Aug-25,44.08%,25%,70%,46.32%,44.08%,59.77%,5515802002,,59.77%,59.77%,,5515802002,5515802002,,,0.849852545,1.251964996,25%,,557410,1.704328922,70%,,935000,1.463223062,46.32%
11-Aug-25,45.90%,25%,70%,46.32%,45.90%,62.00%,5585482729,,62.00%,62.00%,,5585482729,5585482729,,,0.849852545,1.251964996,25%,,557410,1.704328922,70%,,935000,1.463223062,46.32%
12-Aug-25,46.11%,25%,70%,46.32%,46.11%,61.95%,5593715570,,61.95%,61.95%,,5593715570,5593715570,,,0.849852545,1.251964996,25%,,557410,1.704328922,70%,,935000,1.463223062,46.32%
13-Aug-25,46.33%,,,,,,,46.33%,61.90%,,61.90%,5601948411,,5601948411,,0.849852545,1.251964996,,,557410,1.704328922,,,935000,1.463223062,
14-Aug-25,46.33%,,,,,,,46.33%,61.90%,,61.90%,5601948411,,5601948411,,0.849852545,1.251964996,,,557410,1.704328922,,,935000,1.463223062,
15-Aug-25,46.33%,,,,,,,46.33%,61.90%,,61.90%,5601948411,,5601948411,,0.849852545,1.251964996,,,557410,1.704328922,,,935000,1.463223062,
16-Aug-25,46.54%,,,,,,,46.54%,61.85%,,61.85%,5610181252,,5610181252,,0.849852545,1.251964996,,,557410,1.704328922,,,935000,1.463223062,
17-Aug-25,46.76%,,,,,,,46.76%,61.80%,,61.80%,5618414093,,5618414093,,0.849852545,1.251964996,,,557410,1.704328922,,,935000,1.463223062,
18-Aug-25,46.97%,,,,,,,46.97%,61.75%,,61.75%,5626646934,,5626646934,,0.849852545,1.251964996,,,557410,1.704328922,,,935000,1.463223062,
19-Aug-25,47.19%,,,,,,,47.19%,61.70%,,61.70%,5634879775,,5634879775,,0.849852545,1.251964996,,,557410,1.704328922,,,935000,1.463223062,
20-Aug-25,47.40%,,,,,,,47.40%,61.65%,,61.65%,5643112616,,5643112616,,0.849852545,1.251964996,,,557410,1.704328922,,,935000,1.463223062,
21-Aug-25,47.62%,,,,,,,47.62%,61.60%,,61.60%,5651345457,,5651345457,,0.849852545,1.251964996,,,557410,1.704328922,,,935000,1.463223062,
22-Aug-25,47.62%,,,,,,,47.62%,61.60%,,61.60%,5651345457,,5651345457,,0.849852545,1.251964996,,,557410,1.704328922,,,935000,1.463223062,
23-Aug-25,47.83%,,,,,,,47.83%,61.55%,,61.55%,5659578298,,5659578298,,0.849852545,1.251964996,,,557410,1.704328922,,,935000,1.463223062,
24-Aug-25,47.83%,,,,,,,47.83%,61.55%,,61.55%,5659578298,,5659578298,,0.849852545,1.251964996,,,557410,1.704328922,,,935000,1.463223062,
25-Aug-25,48.05%,,,,,,,48.05%,61.50%,,61.50%,5667811139,,5667811139,,0.849852545,1.251964996,,,557410,1.704328922,,,935000,1.463223062,
26-Aug-25,48.26%,,,,,,,48.26%,61.45%,,61.45%,5676043980,,5676043980,,0.849852545,1.251964996,,,557410,1.704328922,,,935000,1.463223062,
27-Aug-25,48.48%,,,,,,,48.48%,61.40%,,61.40%,5684276821,,5684276821,,0.849852545,1.251964996,,,557410,1.704328922,,,935000,1.463223062,
28-Aug-25,48.69%,,,,,,,48.69%,61.35%,,61.35%,5692509661,,5692509661,,0.849852545,1.251964996,,,557410,1.704328922,,,935000,1.463223062,
29-Aug-25,48.69%,,,,,,,48.69%,61.35%,,61.35%,5692509661,,5692509661,,0.849852545,1.251964996,,,557410,1.704328922,,,935000,1.463223062,
30-Aug-25,48.91%,,,,,,,48.91%,61.30%,,61.30%,5700742502,,5700742502,,0.849852545,1.251964996,,,557410,1.704328922,,,935000,1.463223062,
31-Aug-25,49.12%,,,,,,,49.12%,61.25%,,61.25%,5708975343,,5708975343,,0.849852545,1.251964996,,,557410,1.704328922,,,935000,1.463223062,
1-Sep-25,49.12%,,,,,,,49.12%,61.25%,,61.25%,5708975343,,5708975343,,0.849852545,1.251964996,,,557410,1.704328922,,,935000,1.463223062,
2-Sep-25,49.34%,,,,,,,49.34%,61.20%,,61.20%,5717208184,,5717208184,,0.849852545,1.251964996,,,557410,1.704328922,,,935000,1.463223062,
3-Sep-25,49.55%,,,,,,,49.55%,61.15%,,61.15%,5725441025,,5725441025,,0.849852545,1.251964996,,,557410,1.704328922,,,935000,1.463223062,
4-Sep-25,49.77%,,,,,,,49.77%,61.10%,,61.10%,5733673866,,5733673866,,0.849852545,1.251964996,,,557410,1.704328922,,,935000,1.463223062,
5-Sep-25,49.77%,,,,,,,49.77%,61.10%,,61.10%,5733673866,,5733673866,,0.849852545,1.251964996,,,557410,1.704328922,,,935000,1.463223062,
6-Sep-25,49.98%,,,,,,,49.98%,61.05%,,61.05%,5741906707,,5741906707,,0.849852545,1.251964996,,,557410,1.704328922,,,935000,1.463223062,
7-Sep-25,50.20%,,,,,,,50.20%,61.00%,,61.00%,5750139548,,5750139548,,0.849852545,1.251964996,,,557410,1.704328922,,,935000,1.463223062,
8-Sep-25,50.41%,,,,,,,50.41%,60.96%,,60.96%,5758372389,,5758372389,,0.849852545,1.251964996,,,557410,1.704328922,,,935000,1.463223062,
9-Sep-25,50.63%,,,,,,,50.63%,60.91%,,60.91%,5766605230,,5766605230,,0.849852545,1.251964996,,,557410,1.704328922,,,935000,1.463223062,
10-Sep-25,50.63%,,,,,,,50.63%,60.91%,,60.91%,5766605230,,5766605230,,0.849852545,1.251964996,,,557410,1.704328922,,,935000,1.463223062,
11-Sep-25,50.84%,,,,,,,50.84%,60.86%,,60.86%,5774838071,,5774838071,,0.849852545,1.251964996,,,557410,1.704328922,,,935000,1.463223062,
12-Sep-25,50.84%,,,,,,,50.84%,60.86%,,60.86%,5774838071,,5774838071,,0.849852545,1.251964996,,,557410,1.704328922,,,935000,1.463223062,
13-Sep-25,51.06%,,,,,,,51.06%,60.81%,,60.81%,5783070912,,5783070912,,0.849852545,1.251964996,,,557410,1.704328922,,,935000,1.463223062,
14-Sep-25,51.27%,,,,,,,51.27%,60.76%,,60.76%,5791303753,,5791303753,,0.849852545,1.251964996,,,557410,1.704328922,,,935000,1.463223062,
15-Sep-25,51.49%,,,,,,,51.49%,60.71%,,60.71%,5799536594,,5799536594,,0.849852545,1.251964996,,,557410,1.704328922,,,935000,1.463223062,
16-Sep-25,51.70%,,,,,,,51.70%,60.66%,,60.66%,5807769435,,5807769435,,0.849852545,1.251964996,,,557410,1.704328922,,,935000,1.463223062,
17-Sep-25,51.92%,,,,,,,51.92%,60.61%,,60.61%,5816002276,,5816002276,,0.849852545,1.251964996,,,557410,1.704328922,,,935000,1.463223062,
18-Sep-25,52.13%,,,,,,,52.13%,60.56%,,60.56%,5824235117,,5824235117,,0.849852545,1.251964996,,,557410,1.704328922,,,935000,1.463223062,
19-Sep-25,52.13%,,,,,,,52.13%,60.56%,,60.56%,5824235117,,5824235117,,0.849852545,1.251964996,,,557410,1.704328922,,,935000,1.463223062,
20-Sep-25,52.35%,,,,,,,52.35%,60.51%,,60.51%,5832467958,,5832467958,,0.849852545,1.251964996,,,557410,1.704328922,,,935000,1.463223062,
21-Sep-25,52.56%,,,,,,,52.56%,60.46%,,60.46%,5840700799,,5840700799,,0.849852545,1.251964996,,,557410,1.704328922,,,935000,1.463223062,
22-Sep-25,52.78%,,,,,,,52.78%,60.41%,,60.41%,5848933640,,5848933640,,0.849852545,1.251964996,,,557410,1.704328922,,,935000,1.463223062,
23-Sep-25,52.99%,,,,,,,52.99%,60.36%,,60.36%,5857166481,,5857166481,,0.849852545,1.251964996,,,557410,1.704328922,,,935000,1.463223062,
24-Sep-25,53.21%,,,,,,,53.21%,60.31%,,60.31%,5865399322,,5865399322,,0.849852545,1.251964996,,,557410,1.704328922,,,935000,1.463223062,
25-Sep-25,53.42%,,,,,,,53.42%,60.27%,,60.27%,5873632163,,5873632163,,0.849852545,1.251964996,,,557410,1.704328922,,,935000,1.463223062,
26-Sep-25,53.42%,,,,,,,53.42%,60.27%,,60.27%,5873632163,,5873632163,,0.849852545,1.251964996,,,557410,1.704328922,,,935000,1.463223062,
27-Sep-25,53.64%,,,,,,,53.64%,60.22%,,60.22%,5881865004,,5881865004,,0.849852545,1.251964996,,,557410,1.704328922,,,935000,1.463223062,
28-Sep-25,53.85%,,,,,,,53.85%,60.17%,,60.17%,5890097845,,5890097845,,0.849852545,1.251964996,,,557410,1.704328922,,,935000,1.463223062,
29-Sep-25,54.07%,,,,,,,54.07%,60.12%,,60.12%,5898330686,,5898330686,,0.849852545,1.251964996,,,557410,1.704328922,,,935000,1.463223062,
30-Sep-25,54.28%,,,,,,,54.28%,60.07%,,60.07%,5906563527,,5906563527,,0.849852545,1.251964996,,,557410,1.704328922,,,935000,1.463223062,
1-Oct-25,54.50%,,,,,,,54.50%,60.02%,,60.02%,5914796368,,5914796368,,0.849852545,1.251964996,,,557410,1.704328922,,,935000,1.463223062,
2-Oct-25,54.71%,,,,,,,54.71%,59.97%,,59.97%,5923029209,,5923029209,,0.849852545,1.251964996,,,557410,1.704328922,,,935000,1.463223062,
3-Oct-25,54.71%,,,,,,,54.71%,59.97%,,59.97%,5923029209,,5923029209,,0.849852545,1.251964996,,,557410,1.704328922,,,935000,1.463223062,
4-Oct-25,54.93%,,,,,,,54.93%,59.93%,,59.93%,5931262050,,5931262050,,0.849852545,1.251964996,,,557410,1.704328922,,,935000,1.463223062,
5-Oct-25,55.14%,,,,,,,55.14%,59.88%,,59.88%,5939494891,,5939494891,,0.849852545,1.251964996,,,557410,1.704328922,,,935000,1.463223062,
6-Oct-25,55.36%,,,,,,,55.36%,59.83%,,59.83%,5947727732,,5947727732,,0.849852545,1.251964996,,,557410,1.704328922,,,935000,1.463223062,
7-Oct-25,55.57%,,,,,,,55.57%,59.78%,,59.78%,5955960573,,5955960573,,0.849852545,1.251964996,,,557410,1.704328922,,,935000,1.463223062,
8-Oct-25,55.79%,,,,,,,55.79%,59.73%,,59.73%,5964193414,,5964193414,,0.849852545,1.251964996,,,557410,1.704328922,,,935000,1.463223062,
9-Oct-25,56.00%,,,,,,,56.00%,59.68%,,59.68%,5972426255,,5972426255,,0.849852545,1.251964996,,,557410,1.704328922,,,935000,1.463223062,
10-Oct-25,56.00%,,,,,,,56.00%,59.68%,,59.68%,5972426255,,5972426255,,0.849852545,1.251964996,,,557410,1.704328922,,,935000,1.463223062,
11-Oct-25,56.22%,,,,,,,56.22%,59.63%,,59.63%,5980659096,,5980659096,,0.849852545,1.251964996,,,557410,1.704328922,,,935000,1.463223062,
12-Oct-25,56.43%,,,,,,,56.43%,59.59%,,59.59%,5988891937,,5988891937,,0.849852545,1.251964996,,,557410,1.704328922,,,935000,1.463223062,
13-Oct-25,56.65%,,,,,,,56.65%,59.54%,,59.54%,5997124778,,5997124778,,0.849852545,1.251964996,,,557410,1.704328922,,,935000,1.463223062,
14-Oct-25,56.65%,,,,,,,56.65%,59.54%,,59.54%,5997124778,,5997124778,,0.849852545,1.251964996,,,557410,1.704328922,,,0,1.56E-06,
